-- phpMyAdmin SQL Dump
-- version 4.9.7
-- https://www.phpmyadmin.net/
--
-- Host: localhost:3306
-- Generation Time: Aug 21, 2021 at 05:42 PM
-- Server version: 5.7.32
-- PHP Version: 7.4.12

SET SQL_MODE = "NO_AUTO_VALUE_ON_ZERO";
SET time_zone = "+00:00";


/*!40101 SET @OLD_CHARACTER_SET_CLIENT=@@CHARACTER_SET_CLIENT */;
/*!40101 SET @OLD_CHARACTER_SET_RESULTS=@@CHARACTER_SET_RESULTS */;
/*!40101 SET @OLD_COLLATION_CONNECTION=@@COLLATION_CONNECTION */;
/*!40101 SET NAMES utf8mb4 */;

--
-- Database: `cafe`
--
CREATE DATABASE IF NOT EXISTS `cafe` DEFAULT CHARACTER SET utf8 COLLATE utf8_general_ci;
USE `cafe`;

-- --------------------------------------------------------

--
-- Table structure for table `contacts`
--

CREATE TABLE `contacts` (
  `id` int(11) NOT NULL COMMENT 'システムID',
  `name` varchar(50) NOT NULL COMMENT '氏名',
  `kana` varchar(50) NOT NULL COMMENT 'フリガナ',
  `tel` varchar(11) DEFAULT NULL COMMENT '電話番号',
  `email` varchar(100) NOT NULL COMMENT 'メールアドレス',
  `body` text COMMENT 'お問い合わせ内容',
  `created_at` datetime DEFAULT CURRENT_TIMESTAMP COMMENT '送信日時'
) ENGINE=InnoDB DEFAULT CHARSET=utf8;

--
-- Dumping data for table `contacts`
--

INSERT INTO `contacts` (`id`, `name`, `kana`, `tel`, `email`, `body`, `created_at`) VALUES
(1, 'test', 'testing', '090', 'm@com', 'i am so confused', '2021-05-04 00:00:00'),
(3, 'M', 'm', '08072622020', 'momo.rm07@gmail.com', 'Soy M        ', '2021-05-06 12:14:18'),
(4, 'Momoko', 'ヤマダタロウ', '08072622020', 'momo.rm07@gmail.com', 'live a life you will remember', '2021-05-06 12:15:51'),
(6, 'Momo', 'updated', '123', 'momo.rm07@gmail.com', 'delight', '2021-05-06 12:23:15'),
(7, 'Edited', 'Editing', '0101', 'E@gmail.com', 'Edition', '2021-05-06 12:29:20'),
(8, 'Momoko', '', '08072622020', 'momo.rm07@gmail.com', 'live a life you will remember              ', '2021-05-06 13:54:21'),
(9, 'Momoko', 'ヤマダタロウ', '08072622020', 'momo.rm07@gmail.com', 'live a life you will remember', '2021-05-06 13:56:47'),
(24, 'Momoko', 'ヤマダタロウ', '08072622020', 'momo.rm07@gmail.com', 'live a life you will remember', '2021-05-06 14:13:29'),
(25, 'Momoko', 'ヤマダタロウ', '', 'momo.rm07@gmail.com', 'live a life you will remember              ', '2021-05-06 14:13:42'),
(26, 'Momoko', 'ヤマダタロウ', '08072622020', 'momo.rm07@gmail.com', 'live a life you will remember', '2021-05-06 14:15:22'),
(27, 'Momoko', 'ヤマダタロウ', '08072622020', 'momo.rm07@gmail.com', 'live a life you will remember', '2021-05-06 14:16:04'),
(28, 'N', 'n', '789', 'n@com', 'NNN', '2021-05-06 14:16:24'),
(29, 'S', 's', '123', 's@gmail.com', 'SSS', '2021-05-06 14:17:46'),
(33, 'Momo', 'モモ', '08072622020', 'momo.rm07@gmail.com', 'Are you even real', '2021-05-06 14:20:44'),
(36, 'Jennie', 'ジェニー', '08072622020', 'jen.rm07@gmail.com', 'a girl who is learning japanese', '2021-05-06 15:24:06'),
(40, 'Rachel', 'レイ', '08072622020', 'alex.rm07@gmail.com', 'just a small town girl,\r\nliving in a lonely world.', '2021-05-06 15:29:07'),
(43, 'hello', 'w', '1', '1', 'hola como estas', '2021-05-06 17:52:52'),
(130, 'R', 'r', '345', 'r@gmail.com', 'Ranyy       ', '2021-05-10 17:12:11'),
(131, 'test', 'ヤマダタロウ', '08072622020', 'momo.rm07@gmail.com', 's', '2021-05-10 17:12:16'),
(132, 'user', 'ユーザー', '03123456', 'u@com', 'i am just \r\ntesting', '2021-05-10 17:14:34'),
(133, 'test', 'ヤマダタロウ', '08072622020', 'momo.rm07@gmail.com', 's', '2021-05-10 17:15:46'),
(134, 'test', 'testing', '090', 'm@com', 'i am so confused', '2021-05-10 17:27:33'),
(150, 'test', 'ヤマダタロウ', '08072622020', 'momo.rm07@gmail.com', 's', '2021-05-11 15:03:12'),
(151, 'test test', 'test', '1234', 'test@com', 'testing', '2021-05-11 15:03:41'),
(152, 'test', 'ヤマダタロウ', '08072622020', 'momo.rm07@gmail.com', 's', '2021-05-11 15:14:35'),
(153, 'Q', 'q', '1234', 'q@gmail.com', 'hello', '2021-06-08 13:22:19'),
(154, 'Q', 'q', '1234', 'q@gmail.com', 'hello', '2021-06-08 13:22:45'),
(155, '', '', '', '', '', '2021-06-08 13:37:40'),
(156, '', '', '', '', '', '2021-06-08 13:39:05'),
(159, 'M', 'S', '1234', '7@gmail.com', 'Q', '2021-06-08 22:36:33'),
(160, 'A', 'S', '1', 'a@gmail.com', 'q', '2021-06-08 22:36:56'),
(161, '', 'S', '', '', '', '2021-06-08 22:36:56');

--
-- Indexes for dumped tables
--

--
-- Indexes for table `contacts`
--
ALTER TABLE `contacts`
  ADD PRIMARY KEY (`id`);

--
-- AUTO_INCREMENT for dumped tables
--

--
-- AUTO_INCREMENT for table `contacts`
--
ALTER TABLE `contacts`
  MODIFY `id` int(11) NOT NULL AUTO_INCREMENT COMMENT 'システムID', AUTO_INCREMENT=162;
--
-- Database: `nomadie`
--
CREATE DATABASE IF NOT EXISTS `nomadie` DEFAULT CHARACTER SET utf8 COLLATE utf8_general_ci;
USE `nomadie`;

-- --------------------------------------------------------

--
-- Table structure for table `countries`
--

CREATE TABLE `countries` (
  `id` int(11) NOT NULL COMMENT 'ID',
  `name` varchar(20) NOT NULL COMMENT '国名',
  `continent` int(20) DEFAULT NULL COMMENT '大陸'
) ENGINE=InnoDB DEFAULT CHARSET=utf8;

--
-- Dumping data for table `countries`
--

INSERT INTO `countries` (`id`, `name`, `continent`) VALUES
(1, 'オーストラリア', NULL),
(2, 'ニュージーランド', NULL),
(3, 'カナダ', NULL),
(4, '韓国', NULL),
(5, 'フランス', NULL),
(6, 'ドイツ', NULL),
(7, 'イギリス', NULL),
(8, 'アイルランド', NULL),
(9, 'デンマーク', NULL),
(10, '台湾', NULL),
(11, '香港', NULL),
(12, 'ノルウェー', NULL),
(13, 'ポーランド', NULL),
(14, 'ポルトガル', NULL),
(15, 'スロバキア', NULL),
(16, 'オーストリア', NULL),
(17, 'ハンガリー', NULL),
(18, 'スペイン', NULL),
(19, 'アルゼンチン', NULL),
(20, 'チリ', NULL),
(21, 'チェコ', NULL),
(22, 'アイスランド', NULL),
(23, 'リトアニア', NULL),
(24, 'スウェーデン', NULL),
(25, 'エストニア', NULL),
(26, 'オランダ', NULL);

-- --------------------------------------------------------

--
-- Table structure for table `images`
--

CREATE TABLE `images` (
  `id` int(11) NOT NULL COMMENT '画像ID',
  `user_id` int(11) NOT NULL COMMENT 'ユーザーID',
  `country_id` int(11) NOT NULL COMMENT '国ID',
  `image_name` varchar(256) DEFAULT NULL COMMENT '画像の名前',
  `image_path` varchar(255) DEFAULT NULL COMMENT '画像path',
  `image_content` mediumblob COMMENT '画像ファイル',
  `description` text COMMENT '内容',
  `created_at` datetime NOT NULL DEFAULT CURRENT_TIMESTAMP COMMENT 'データの作成日時'
) ENGINE=InnoDB DEFAULT CHARSET=utf8;

--
-- Dumping data for table `images`
--

INSERT INTO `images` (`id`, `user_id`, `country_id`, `image_name`, `image_path`, `image_content`, `description`, `created_at`) VALUES
(272, 33, 26, 'IMG_1996.JPG', 'img/20210803000239IMG_1996.JPG', 0x7375726665722773207061726164697365, 'surfer\'s paradise', '2021-08-03 00:02:39'),
(274, 33, 25, 'IMG_2227.JPG', 'img/20210803000401IMG_2227.JPG', 0xe382b5e383bce38395e382a1e383bce382bae38391e383a9e382a4e382b9, 'サーファーズパライスに来ました', '2021-08-03 00:04:01'),
(277, 33, 23, 'IMG_2249.JPG', 'img/20210803002209IMG_2249.JPG', 0x6a6572727920616e64206265616e7320696365637265616d, 'jerry and beans icecream', '2021-08-03 00:22:09'),
(279, 33, 22, 'IMG_2261.JPG', 'img/20210803002431IMG_2261.JPG', 0x476f6c6420436f61737420666f72207468652066697273742074696d65, 'Gold Coast for the first time', '2021-08-03 00:24:31'),
(280, 33, 22, 'IMG_2301.JPG', 'img/20210803004309IMG_2301.JPG', 0xe382b4e383bce383abe38389e382b3e383bce382b9e38388, 'ゴールドコースト', '2021-08-03 00:43:09'),
(281, 32, 24, 'IMG_2312.JPG', 'img/20210803070340IMG_2312.JPG', 0x74657374207465737420746573742074657374207465737420746573742074657374207465737420746573742074657374207465737420746573742074657374207465737420746573742074657374207465737420746573742074657374207465737420746573742074657374207465737420746573742074657374207465737420746573742074657374207465737420746573742074657374207465737420746573742074657374207465737420746573742074657374207465737420746573742074657374207465737420746573742074657374207465737420, 'test test test test test test test test test test test test test test test test test test test test test test test test test test test test test test test test test test test test test test test test test test test test ', '2021-08-03 07:03:40'),
(282, 32, 19, 'IMG_3641.JPG', 'img/20210803071824IMG_3641.JPG', 0x42656c756769756d, 'Belugium', '2021-08-03 07:18:24'),
(283, 32, 18, 'IMG_3644.JPG', 'img/20210803071914IMG_3644.JPG', 0x6120737472616e67657220647265737365642070656520626f7920, 'a stranger dressed pee boy ', '2021-08-03 07:19:14'),
(284, 32, 17, 'IMG_3661.JPG', 'img/20210803071943IMG_3661.JPG', 0x6661766f757269746520706c61636520696e204575726f7065, 'favourite place in Europe', '2021-08-03 07:19:43'),
(285, 32, 1, 'AVDY5780.JPG', 'img/20210803072013AVDY5780.JPG', 0x686f636b6579206d61746368, 'hockey match', '2021-08-03 07:20:13'),
(286, 32, 15, 'IMG_0360.JPG', 'img/20210803072057IMG_0360.JPG', 0x6d65206c6f6f6b696e6720666f7220736f6d657468696e67207377656574, 'me looking for something sweet', '2021-08-03 07:20:57'),
(287, 32, 1, 'IMG_0168.JPG', 'img/20210803072130IMG_0168.JPG', 0x536f75746862616e6b20726976657220696e20427269737379, 'Southbank river in Brissy', '2021-08-03 07:21:30'),
(288, 32, 2, 'IMG_0734.JPG', 'img/20210803073009IMG_0734.JPG', 0x68616c6c6f7765656e206174207368617265686f757365, 'halloween at sharehouse', '2021-08-03 07:30:09'),
(289, 32, 3, 'IMG_0621.JPG', 'img/20210803073631IMG_0621.JPG', 0x4c6173205665676173, 'Las Vegas', '2021-08-03 07:36:31'),
(290, 32, 4, 'IMG_6600.JPG', 'img/20210803073714IMG_6600.JPG', 0x536f757468204b6f726561, 'South Korea', '2021-08-03 07:37:14'),
(291, 35, 8, 'IMG_9030.JPG', 'img/20210803073834IMG_9030.JPG', 0x74686572652077617320612077696c64204b6f616c61204028e383bbe2978fe383bb2940, 'there was a wild Koala @(・●・)@', '2021-08-03 07:38:34'),
(292, 35, 6, 'IMG_9825.JPG', 'img/20210803073925IMG_9825.JPG', 0x6d65646976616c20666573746976616c, 'medival festival', '2021-08-03 07:39:25'),
(293, 35, 5, 'WXUZ9305.jpeg', 'img/20210803073951WXUZ9305.jpeg', 0x66616e746173792064726177696e67, 'fantasy drawing', '2021-08-03 07:39:51'),
(294, 35, 7, 'VBXQ5072.JPG', 'img/20210803074117VBXQ5072.JPG', 0x6d792062656c6f6e67696e6773, 'my belongings', '2021-08-03 07:41:17'),
(295, 35, 8, 'VZJJ6069.JPG', 'img/20210803074131VZJJ6069.JPG', 0x6d617368726f6f6d20666573746976616c, 'mashroom festival', '2021-08-03 07:41:31'),
(296, 35, 9, 'XAAW1212.JPG', 'img/20210803074210XAAW1212.JPG', 0x68616e64207061696e746564206375707320, 'hand painted cups ', '2021-08-03 07:42:10'),
(297, 35, 10, 'BOIF3691.JPG', 'img/20210803074241BOIF3691.JPG', 0x61677561726469656e74652069732074686520626573742065766572, 'aguardiente is the best ever', '2021-08-03 07:42:41'),
(298, 36, 18, 'IMG_4755.JPG', 'img/20210803095457IMG_4755.JPG', 0x626f676f74612061, 'bogota a', '2021-08-03 09:54:57'),
(299, 36, 18, 'IMG_5765.JPG', 'img/20210803095547IMG_5765.JPG', 0x6d6964646c65206f66206e6f7768657265, 'middle of nowhere', '2021-08-03 09:55:47'),
(300, 36, 18, 'MAFM2140.JPG', 'img/20210803095735MAFM2140.JPG', 0x6920646f206e6f742072656d656d62657220746865206e616d65206f66207468697320706c61636520, 'i do not remember the name of this place ', '2021-08-03 09:57:35'),
(303, 35, 1, 'IMG_8037.JPG', 'img/20210803123834IMG_8037.JPG', 0x6b616e6761726f6f732077697468207468652073756e736574, 'kangaroos with the sunset', '2021-08-03 12:38:34'),
(308, 37, 16, 'IMG_1064.JPG', 'img/20210803164848IMG_1064.JPG', 0x526f7365204261792061742035706d, 'Rose Bay at 5am', '2021-08-03 16:48:48'),
(309, 37, 8, 'IMG_0679.JPG', 'img/20210803165908IMG_0679.JPG', 0xe3839be383afe382a4e38388e38398e38396e383b3e38393e383bce38381202d2077686974652068656176656e206265616368, 'ホワイトヘブンビーチ - White Heaven Beach', '2021-08-03 16:59:08'),
(310, 37, 15, 'IMG_8602.JPG', 'img/20210803170115IMG_8602.JPG', 0xe38386e382b9e38388e38386e382b9e38388e38386e382b9e38388e38386e382b9e38388e38386e382b9e38388e38386e382b9e38388e38386e382b9e38388e38386e382b9e38388e38386e382b9e38388e38386e382b9e38388e38386e382b9e38388e38386e382b9e38388e38386e382b9e38388e38386e382b9e38388e38386e382b9e38388e38386e382b9e38388e38386e382b9e38388e38386e382b9e38388e38386e382b9e38388e38386e382b9e38388e38386e382b9e38388e38386e382b9e38388, 'テストテストテストテストテストテストテストテストテストテストテストテストテストテストテストテストテストテストテストテストテストテスト', '2021-08-03 17:01:15'),
(312, 37, 3, 'IMG_1292.JPG', 'img/20210803172227IMG_1292.JPG', 0x636f7773206f6e2074686520737472656574, 'cows on the street', '2021-08-03 17:22:27'),
(313, 37, 3, 'IMG_0932 - コピー.JPG', 'img/20210803172410IMG_0932 - コピー.JPG', 0x526f7365204261792061742036706d, 'Rose Bay at 6pm', '2021-08-03 17:24:10'),
(314, 38, 4, 'IMG_8501.JPG', 'img/20210803200747IMG_8501.JPG', 0x667269656e6473206f662066726f6d204b697272612050696e65, 'friends of from Kirra Pine', '2021-08-03 20:07:47'),
(315, 38, 11, 'IMG_4837.JPG', 'img/20210803201222IMG_4837.JPG', 0x5649564120424f474f5441, 'VIVA BOGOTA', '2021-08-03 20:12:22'),
(316, 38, 12, 'IMG_5809.JPG', 'img/20210803201557IMG_5809.JPG', 0x616c77617973206d616b65207375726520746f2063686f6f7365207468652077696e646f772073656174, 'always make sure to choose the window seat', '2021-08-03 20:15:57'),
(317, 38, 13, 'IMG_6176.JPG', 'img/20210803201641IMG_6176.JPG', 0x73756e666c6f77657220696e20717565656e736c616e6420514c44, 'sunflower in queensland QLD', '2021-08-03 20:16:41'),
(318, 38, 14, 'IMG_4119.JPG', 'img/20210803201802IMG_4119.JPG', 0x42617263656c6f6e6120, 'Barcelona ', '2021-08-03 20:18:02'),
(320, 39, 1, 'IMG_3127.JPG', 'img/20210805003701IMG_3127.JPG', 0x696365637265616d, 'icecream in Belugium', '2021-08-05 00:37:01'),
(321, 39, 1, 'IMG_3192.JPG', 'img/20210805003942IMG_3192.JPG', 0xe38386e382b9e38388e38080e38386e382b9e38388e38080e38386e382b9e38388e38080e38386e382b9e38388e38080e38386e382b9e38388e38080e38386e382b9e38388, 'テスト　テスト　テスト　テスト　テスト　テスト', '2021-08-05 00:39:42'),
(322, 39, 18, 'IMG_3361.JPG', 'img/20210805125410IMG_3361.JPG', 0x6368726973746d6173206d61726b6574, 'christmas market', '2021-08-05 12:54:10'),
(323, 39, 18, 'IMG_7508.JPG', 'img/20210805125941IMG_7508.JPG', 0x6d61646520696e204c41, 'made in LA', '2021-08-05 12:59:41'),
(324, 39, 18, 'IMG_7662.JPG', 'img/20210805130006IMG_7662.JPG', 0xe5a495e697a5, '夕日', '2021-08-05 13:00:06'),
(326, 39, 18, 'IMG_8018.JPG', 'img/20210805130106IMG_8018.JPG', 0x616972706c616e65, 'airplane', '2021-08-05 13:01:06'),
(327, 39, 18, 'IMG_7976.JPG', 'img/20210805130145IMG_7976.JPG', 0x666c616773, 'flags', '2021-08-05 13:01:45'),
(328, 39, 18, 'IMG_8300.JPG', 'img/20210805130730IMG_8300.JPG', 0x737461747565, 'statue', '2021-08-05 13:07:30'),
(331, 40, 18, 'IMG_0896.JPG', 'img/20210805132524IMG_0896.JPG', 0x746573742074657374207465737420746573742074657374207465737420746573742074657374207465737420, 'test test test test test test test test test ', '2021-08-05 13:25:24'),
(334, 42, 8, 'IMG_9498.JPG', 'img/20210805165212IMG_9498.JPG', 0x73616e206672616e636973636f, 'san francisco', '2021-08-05 16:52:12');

-- --------------------------------------------------------

--
-- Table structure for table `likes`
--

CREATE TABLE `likes` (
  `post_id` int(11) NOT NULL COMMENT 'ポストID',
  `user_id` int(11) NOT NULL COMMENT 'ユーザーID'
) ENGINE=InnoDB DEFAULT CHARSET=utf8;

-- --------------------------------------------------------

--
-- Table structure for table `posts`
--

CREATE TABLE `posts` (
  `id` int(11) NOT NULL COMMENT 'ID',
  `country_id` int(11) NOT NULL COMMENT '国',
  `user_id` int(11) DEFAULT NULL COMMENT 'ユーザーID',
  `image_id` int(11) DEFAULT NULL COMMENT '画像',
  `content` text NOT NULL COMMENT '内容',
  `created_at` datetime NOT NULL DEFAULT CURRENT_TIMESTAMP COMMENT '投稿日時',
  `updated_at` datetime NOT NULL DEFAULT CURRENT_TIMESTAMP ON UPDATE CURRENT_TIMESTAMP COMMENT '更新日時',
  `delete_flg` int(11) DEFAULT '1' COMMENT '削除'
) ENGINE=InnoDB DEFAULT CHARSET=utf8;

-- --------------------------------------------------------

--
-- Table structure for table `users`
--

CREATE TABLE `users` (
  `id` int(11) NOT NULL COMMENT 'ID',
  `country_id` int(11) NOT NULL COMMENT '滞在国',
  `name` varchar(64) NOT NULL COMMENT '氏名',
  `email` varchar(191) NOT NULL COMMENT 'メールアドレス',
  `password` varchar(191) NOT NULL COMMENT 'パスワード',
  `image` int(11) DEFAULT NULL COMMENT '画像',
  `created_at` datetime DEFAULT CURRENT_TIMESTAMP COMMENT '作成日時',
  `updated_at` datetime DEFAULT CURRENT_TIMESTAMP ON UPDATE CURRENT_TIMESTAMP COMMENT '更新日時',
  `delete_flg` int(11) DEFAULT NULL COMMENT '削除'
) ENGINE=InnoDB DEFAULT CHARSET=utf8;

--
-- Dumping data for table `users`
--

INSERT INTO `users` (`id`, `country_id`, `name`, `email`, `password`, `image`, `created_at`, `updated_at`, `delete_flg`) VALUES
(31, 1, 'QQQ', 'q@com', '$2y$10$K2S/Hx0vgiFjyjcHzDV0kuyTjT7DpAb7l4WkI2.91809DCuGeKAg6', NULL, '2021-08-02 23:13:36', '2021-08-02 23:13:36', NULL),
(32, 2, 'AAA', 'a@com', '$2y$10$Pa4U6FmcghK9aYcyu/BbcOUIQDjci9iH0neqz6tymU3DjZlZh0lia', NULL, '2021-08-02 23:35:37', '2021-08-02 23:35:37', NULL),
(33, 3, 'Mm', 'm@com', '', NULL, '2021-08-02 23:59:16', '2021-08-03 00:07:13', NULL),
(34, 22, 'Aaaa', 'a@com', '$2y$10$OBzF.piLfDBH1HgE0yLliOUfEN/RWzf4ggi4lkw.FPrvuUWf5RdIi', NULL, '2021-08-03 07:00:45', '2021-08-03 07:00:45', NULL),
(35, 4, 'D', 'd@com', '$2y$10$aJfMG5k16QX6KZAtbCLmr.LrT1bdNOWNdAqZ3NKa9CLi10Q0pa49m', NULL, '2021-08-03 07:37:39', '2021-08-03 07:37:39', NULL),
(36, 18, 'ZzZzZz', 'z@com', '$2y$10$JwAOzMP9ghr5LsfjLBnwt.tHDCXsDLWQ6QCte0RDK33VCHGlyl/g2', NULL, '2021-08-03 09:54:19', '2021-08-03 09:54:19', NULL),
(37, 13, 'XxxxX', 'x@com', 'xxxxxxxx', NULL, '2021-08-03 15:23:37', '2021-08-03 17:19:37', NULL),
(38, 5, 'abcd', 'abcd@com', '$2y$10$Ermktvv/ndBJnkFUfZ3D9uFUzR6yZVKDKDqmhfo1nc1/ARdTF8cvK', NULL, '2021-08-03 20:02:18', '2021-08-03 20:02:18', NULL),
(39, 1, 'P', 'p@com', '$2y$10$Dt5YqjGU26Ut6pGZ2L0.7.oGDti/AoMux2m2vipsXLd5xsOd0AaBy', NULL, '2021-08-05 00:31:27', '2021-08-05 00:31:27', NULL),
(40, 18, 'L', 'l@com', '$2y$10$Uzb6APvwhTSQF.ZikxI8re2zK9CUlGrbv9QRYf8cEm02GqGd/QpvO', NULL, '2021-08-05 13:24:44', '2021-08-05 13:24:44', NULL),
(41, 1, 'あ', 'a@com', '$2y$10$aNWa/8.nscv2b8MxCFBzPe6ihytJS41CfwiFt4bjHOcTElGuDsaCe', NULL, '2021-08-05 16:51:18', '2021-08-05 16:51:18', NULL),
(42, 1, 'abc', 'abc@com', '$2y$10$06aMBF4FbLuJgafna2SZhuheI1E6SbfokBL2ebcs807kLrS9GM42S', NULL, '2021-08-05 16:51:50', '2021-08-05 16:51:50', NULL);

--
-- Indexes for dumped tables
--

--
-- Indexes for table `countries`
--
ALTER TABLE `countries`
  ADD PRIMARY KEY (`id`);

--
-- Indexes for table `images`
--
ALTER TABLE `images`
  ADD PRIMARY KEY (`id`);

--
-- Indexes for table `posts`
--
ALTER TABLE `posts`
  ADD PRIMARY KEY (`id`);

--
-- Indexes for table `users`
--
ALTER TABLE `users`
  ADD PRIMARY KEY (`id`);

--
-- AUTO_INCREMENT for dumped tables
--

--
-- AUTO_INCREMENT for table `countries`
--
ALTER TABLE `countries`
  MODIFY `id` int(11) NOT NULL AUTO_INCREMENT COMMENT 'ID', AUTO_INCREMENT=27;

--
-- AUTO_INCREMENT for table `images`
--
ALTER TABLE `images`
  MODIFY `id` int(11) NOT NULL AUTO_INCREMENT COMMENT '画像ID', AUTO_INCREMENT=335;

--
-- AUTO_INCREMENT for table `posts`
--
ALTER TABLE `posts`
  MODIFY `id` int(11) NOT NULL AUTO_INCREMENT COMMENT 'ID';

--
-- AUTO_INCREMENT for table `users`
--
ALTER TABLE `users`
  MODIFY `id` int(11) NOT NULL AUTO_INCREMENT COMMENT 'ID', AUTO_INCREMENT=43;
--
-- Database: `worldcup`
--
CREATE DATABASE IF NOT EXISTS `worldcup` DEFAULT CHARACTER SET utf8 COLLATE utf8_general_ci;
USE `worldcup`;

-- --------------------------------------------------------

--
-- Table structure for table `countries`
--

CREATE TABLE `countries` (
  `id` int(11) NOT NULL,
  `name` varchar(50) DEFAULT NULL,
  `ranking` int(11) DEFAULT NULL,
  `group_name` varchar(1) DEFAULT NULL
) ENGINE=InnoDB DEFAULT CHARSET=utf8;

--
-- Dumping data for table `countries`
--

INSERT INTO `countries` (`id`, `name`, `ranking`, `group_name`) VALUES
(1, 'ブラジル', 3, 'A'),
(2, 'メキシコ', 20, 'A'),
(3, 'カメルーン', 56, 'A'),
(4, 'クロアチア', 18, 'A'),
(5, 'スペイン', 1, 'B'),
(6, 'オランダ', 15, 'B'),
(7, 'チリ', 14, 'B'),
(8, 'オーストラリア', 62, 'B'),
(9, 'コロンビア', 8, 'C'),
(10, 'ギリシャ', 12, 'C'),
(11, 'コートジボワール', 23, 'C'),
(12, '日本', 46, 'C'),
(13, 'ウルグアイ', 7, 'D'),
(14, 'コスタリカ', 28, 'D'),
(15, 'イングランド', 10, 'D'),
(16, 'イタリア', 9, 'D'),
(17, 'スイス', 6, 'E'),
(18, 'エクアドル', 26, 'E'),
(19, 'フランス', 17, 'E'),
(20, 'ホンジュラス', 33, 'E'),
(21, 'アルゼンチン', 5, 'F'),
(22, 'ボスニア・ヘルツェゴビナ', 21, 'F'),
(23, 'イラン', 43, 'F'),
(24, 'ナイジェリア', 44, 'F'),
(25, 'ドイツ', 2, 'G'),
(26, 'ポルトガル', 4, 'G'),
(27, 'ガーナ', 37, 'G'),
(28, '米国', 13, 'G'),
(29, 'ベルギー', 11, 'H'),
(30, 'アルジェリア', 22, 'H'),
(31, 'ロシア', 19, 'H'),
(32, '韓国', 57, 'H');

-- --------------------------------------------------------

--
-- Table structure for table `goals`
--

CREATE TABLE `goals` (
  `id` int(11) NOT NULL,
  `pairing_id` int(11) DEFAULT NULL,
  `player_id` int(11) DEFAULT NULL,
  `goal_time` varchar(10) DEFAULT NULL
) ENGINE=InnoDB DEFAULT CHARSET=utf8;

--
-- Dumping data for table `goals`
--

INSERT INTO `goals` (`id`, `pairing_id`, `player_id`, `goal_time`) VALUES
(1, 122, 8, '前半7分'),
(2, 122, 8, '前半7分'),
(3, 113, 10, '前半18分'),
(4, 99, 12, '後半39分'),
(5, 1, 18, '後半46分'),
(6, 125, 18, '後半45分'),
(7, 99, 19, '後半4分'),
(8, 1, 22, '前半29分'),
(9, 1, 22, '後半26分'),
(10, 99, 22, '前半17分'),
(11, 99, 22, '前半35分'),
(12, 100, 27, '後半27分'),
(13, 100, 31, '後半30分'),
(14, 2, 42, '後半16分'),
(15, 100, 43, '後半37分'),
(16, 51, 44, '後半3分'),
(17, 131, 44, '後半3分'),
(18, 35, 63, '前半26分'),
(19, 36, 84, '後半42分'),
(20, 84, 84, '後半3分'),
(21, 84, 88, '前半11分'),
(22, 84, 91, '後半16分'),
(23, 84, 91, '後半28分'),
(24, 3, 103, '前半27分'),
(25, 97, 110, '前半36分'),
(26, 97, 111, '後半24分'),
(27, 97, 114, '後半37分'),
(28, 4, 124, '前半14分'),
(29, 83, 130, '前半43分'),
(30, 4, 135, '後半47分'),
(31, 4, 137, '前半12分'),
(32, 49, 137, '前半32分'),
(33, 129, 137, '前半32分'),
(34, 83, 138, '前半20分'),
(35, 18, 150, '後半9分'),
(36, 18, 158, '前半21分'),
(37, 68, 158, '前半35分'),
(38, 63, 168, '前半17分'),
(39, 143, 168, '前半17分'),
(40, 67, 170, '後半20分'),
(41, 115, 173, '後半43分'),
(42, 67, 175, '後半8分'),
(43, 67, 175, '後半35分'),
(44, 82, 175, '前半20分'),
(45, 34, 177, '後半32分'),
(46, 63, 179, '後半46分'),
(47, 143, 179, '後半46分'),
(48, 63, 181, '前半3分'),
(49, 67, 181, '前半44分'),
(50, 67, 181, '後半27分'),
(51, 82, 181, '後半13分'),
(52, 143, 181, '前半3分'),
(53, 115, 182, '後半49分'),
(54, 34, 183, '後半47分'),
(55, 82, 183, '後半23分'),
(56, 5, 192, '前半5分'),
(57, 103, 198, '前半17分'),
(58, 5, 201, '後半48分'),
(59, 21, 201, '後半19分'),
(60, 58, 201, '後半35分'),
(61, 103, 201, '後半45分'),
(62, 114, 201, '前半28分'),
(63, 114, 201, '後半5分'),
(64, 138, 201, '後半35分'),
(65, 21, 202, '後半25分'),
(66, 5, 203, '後半13分'),
(67, 103, 206, '後半10分'),
(68, 103, 206, '後半37分'),
(69, 52, 217, '後半46分'),
(70, 132, 217, '後半46分'),
(71, 40, 228, '前半42分'),
(72, 40, 228, '後半48分'),
(73, 8, 250, '後半21分'),
(74, 85, 250, '後半28分'),
(75, 8, 251, '後半19分'),
(76, 104, 251, '後半29分'),
(77, 71, 269, '前半35分'),
(78, 71, 275, '後半5分'),
(79, 70, 286, '後半12分'),
(80, 88, 297, '前半44分'),
(81, 116, 297, '後半7分'),
(82, 70, 298, '後半39分'),
(83, 70, 299, '後半9分'),
(84, 101, 306, '後半36分'),
(85, 22, 320, '前半39分'),
(86, 22, 320, '後半40分'),
(87, 6, 321, '前半24分'),
(88, 86, 343, '後半30分'),
(89, 7, 344, '前半37分'),
(90, 73, 367, '前半22分'),
(91, 90, 367, '前半34分'),
(92, 90, 367, '後半20分'),
(93, 26, 389, '前半31分'),
(94, 25, 406, '後半36分'),
(95, 107, 408, '前半6分'),
(96, 107, 408, '前半31分'),
(97, 107, 408, '後半26分'),
(98, 25, 409, '後半42分'),
(99, 9, 412, '後半3分'),
(100, 9, 413, '後半48分'),
(101, 89, 427, '前半40分'),
(102, 89, 429, '前半18分'),
(103, 89, 430, '後半28分'),
(104, 117, 433, '後半34分'),
(105, 89, 434, '前半17分'),
(106, 10, 436, '前半45分'),
(107, 10, 436, '後半27分'),
(108, 89, 436, '後半22分'),
(109, 105, 447, '後半5分'),
(110, 119, 454, '延後13分'),
(111, 11, 458, '後半20分'),
(112, 27, 458, '後半46分'),
(113, 105, 458, '前半3分'),
(114, 105, 458, '前半46分'),
(115, 123, 459, '前半8分'),
(116, 42, 476, '後半38分'),
(117, 42, 479, '後半14分'),
(118, 75, 482, '後半40分'),
(119, 42, 483, '前半23分'),
(120, 106, 504, '後半37分'),
(121, 29, 524, '前半29分'),
(122, 41, 528, '前半4分'),
(123, 41, 528, '後半2分'),
(124, 12, 538, '前半32分'),
(125, 57, 538, '前半13分'),
(126, 137, 538, '前半13分'),
(127, 61, 543, '前半29分'),
(128, 141, 543, '前半29分'),
(129, 118, 544, '延後15分'),
(130, 12, 545, '前半12分'),
(131, 12, 545, '前半46分'),
(132, 12, 545, '後半33分'),
(133, 61, 545, '前半11分'),
(134, 109, 545, '後半10分'),
(135, 141, 545, '前半11分'),
(136, 61, 546, '前半24分'),
(137, 61, 546, '前半26分'),
(138, 141, 546, '前半24分'),
(139, 141, 546, '前半26分'),
(140, 61, 547, '後半24分'),
(141, 61, 547, '後半34分'),
(142, 118, 547, '延前2分'),
(143, 141, 547, '後半24分'),
(144, 141, 547, '後半34分'),
(145, 28, 549, '後半6分'),
(146, 128, 549, '延後8分'),
(147, 28, 552, '後半26分'),
(148, 61, 552, '前半23分'),
(149, 141, 552, '前半23分'),
(150, 96, 570, '後半50分'),
(151, 46, 571, '後半35分'),
(152, 96, 573, '前半5分'),
(153, 78, 585, '後半41分'),
(154, 32, 587, '後半19分'),
(155, 56, 594, '延後2分'),
(156, 136, 594, '延後2分'),
(157, 32, 596, '後半36分'),
(158, 78, 596, '前半1分'),
(159, 14, 613, '後半37分'),
(160, 92, 613, '後半9分'),
(161, 92, 619, '後半18分'),
(162, 110, 619, '後半12分'),
(163, 111, 630, '後半33分'),
(164, 15, 634, '後半25分'),
(165, 120, 638, '延前3分'),
(166, 15, 639, '後半35分'),
(167, 120, 642, '延前15分'),
(168, 30, 644, '後半43分'),
(169, 17, 665, '後半29分'),
(170, 112, 666, '前半6分'),
(171, 95, 675, '前半28分'),
(172, 79, 682, '前半25分'),
(173, 95, 683, '後半17分'),
(174, 54, 686, '延後16分'),
(175, 95, 686, '前半38分'),
(176, 134, 686, '延後16分'),
(177, 48, 688, '後半15分'),
(178, 95, 688, '前半26分'),
(179, 31, 709, '後半5分'),
(180, 81, 710, '後半23分'),
(181, 31, 713, '後半27分'),
(182, 39, 730, '前半46分'),
(183, 72, 731, '前半16分'),
(184, 10, NULL, '後半3分'),
(185, 11, NULL, '前半3分'),
(186, 46, NULL, '前半31分'),
(187, 65, NULL, '前半11分'),
(188, 117, NULL, '後半47分');

-- --------------------------------------------------------

--
-- Table structure for table `goals_tmp`
--

CREATE TABLE `goals_tmp` (
  `my_country` varchar(50) DEFAULT NULL,
  `enemy_country` varchar(50) DEFAULT NULL,
  `goal_time` varchar(10) DEFAULT NULL,
  `player_name` varchar(50) DEFAULT NULL
) ENGINE=InnoDB DEFAULT CHARSET=utf8;

--
-- Dumping data for table `goals_tmp`
--

INSERT INTO `goals_tmp` (`my_country`, `enemy_country`, `goal_time`, `player_name`) VALUES
('クロアチア', 'ブラジル', '前半11分', ''),
('ブラジル', 'クロアチア', '前半29分', 'ネイマール'),
('ブラジル', 'クロアチア', '後半26分', 'ネイマール'),
('ブラジル', 'クロアチア', '後半46分', 'オスカル'),
('メキシコ', 'カメルーン', '後半16分', 'ペラルタ'),
('スペイン', 'オランダ', '前半27分', 'シャビアロンソ'),
('オランダ', 'スペイン', '前半44分', 'ファンペルシー'),
('オランダ', 'スペイン', '後半8分', 'ロッベン'),
('オランダ', 'スペイン', '後半20分', 'デフライ'),
('オランダ', 'スペイン', '後半27分', 'ファンペルシー'),
('オランダ', 'スペイン', '後半35分', 'ロッベン'),
('チリ', 'オーストラリア', '前半12分', 'サンチェス'),
('チリ', 'オーストラリア', '前半14分', 'バルディビア'),
('オーストラリア', 'チリ', '前半35分', 'ケーヒル'),
('チリ', 'オーストラリア', '後半47分', 'ボーセジュール'),
('コロンビア', 'ギリシャ', '前半5分', 'アルメロ'),
('コロンビア', 'ギリシャ', '後半13分', 'グティエレス'),
('コロンビア', 'ギリシャ', '後半48分', 'ロドリゲス'),
('ウルグアイ', 'コスタリカ', '前半24分', 'カバニ'),
('コスタリカ', 'ウルグアイ', '後半9分', 'キャンベル'),
('コスタリカ', 'ウルグアイ', '後半12分', 'ドゥアルテ'),
('コスタリカ', 'ウルグアイ', '後半39分', 'ウレニャ'),
('イタリア', 'イングランド', '前半35分', 'マルキジオ'),
('イングランド', 'イタリア', '前半37分', 'スタリッジ'),
('イタリア', 'イングランド', '後半5分', 'バロテリ'),
('日本', 'コートジボワール', '前半16分', '本田'),
('コートジボワール', '日本', '後半19分', 'ボニ'),
('コートジボワール', '日本', '後半21分', 'ジェルビーニョ'),
('エクアドル', 'スイス', '前半22分', 'E・バレンシア'),
('スイス', 'エクアドル', '後半3分', 'メーメディ'),
('スイス', 'エクアドル', '後半48分', 'セフェロビッチ'),
('フランス', 'ホンジュラス', '前半45分', 'ベンゼマ'),
('フランス', 'ホンジュラス', '後半3分', ''),
('フランス', 'ホンジュラス', '後半27分', 'ベンゼマ'),
('アルゼンチン', 'ボスニア・ヘルツェゴビナ', '前半3分', ''),
('アルゼンチン', 'ボスニア・ヘルツェゴビナ', '後半20分', 'メッシ'),
('ボスニア・ヘルツェゴビナ', 'アルゼンチン', '後半40分', 'イビシェビッチ'),
('ドイツ', 'ポルトガル', '前半12分', 'ミュラー'),
('ドイツ', 'ポルトガル', '前半32分', 'フンメルス'),
('ドイツ', 'ポルトガル', '前半46分', 'ミュラー'),
('ドイツ', 'ポルトガル', '後半33分', 'ミュラー'),
('米国', 'ガーナ', '前半1分', 'デンプシー'),
('ガーナ', '米国', '後半37分', 'A・アユー'),
('米国', 'ガーナ', '後半41分', 'ブルックス'),
('アルジェリア', 'ベルギー', '前半25分', 'フェグリ'),
('ベルギー', 'アルジェリア', '後半25分', 'フェライニ'),
('ベルギー', 'アルジェリア', '後半35分', 'メルテンス'),
('韓国', 'ロシア', '後半23分', 'イ・グノ'),
('ロシア', '韓国', '後半29分', 'ケルジャコフ'),
('オランダ', 'オーストラリア', '前半20分', 'ロッベン'),
('オーストラリア', 'オランダ', '前半21分', 'ケーヒル'),
('オーストラリア', 'オランダ', '後半9分', 'ジェディナク'),
('オランダ', 'オーストラリア', '後半13分', 'ファンペルシー'),
('オランダ', 'オーストラリア', '後半23分', 'デパイ'),
('チリ', 'スペイン', '前半20分', 'バルガス'),
('チリ', 'スペイン', '前半43分', 'アランギス'),
('クロアチア', 'カメルーン', '前半11分', 'オリッチ'),
('クロアチア', 'カメルーン', '後半3分', 'ペリシッチ'),
('クロアチア', 'カメルーン', '後半16分', 'マンジュキッチ'),
('クロアチア', 'カメルーン', '後半28分', 'マンジュキッチ'),
('コロンビア', 'コートジボワール', '後半19分', 'ロドリゲス'),
('コロンビア', 'コートジボワール', '後半25分', 'キンテロ'),
('コートジボワール', 'コロンビア', '後半28分', 'ジェルビーニョ'),
('ウルグアイ', 'イングランド', '前半39分', 'スアレス'),
('イングランド', 'ウルグアイ', '後半30分', 'ルーニー'),
('ウルグアイ', 'イングランド', '後半40分', 'スアレス'),
('コスタリカ', 'イタリア', '前半44分', 'ルイス'),
('フランス', 'スイス', '前半17分', 'ジルー'),
('フランス', 'スイス', '前半18分', 'マチュイディ'),
('フランス', 'スイス', '前半40分', 'バルブエナ'),
('フランス', 'スイス', '後半22分', 'ベンゼマ'),
('フランス', 'スイス', '後半28分', 'シソコ'),
('スイス', 'フランス', '後半36分', 'ジェマイリ'),
('スイス', 'フランス', '後半42分', 'シャカ'),
('ホンジュラス', 'エクアドル', '前半31分', 'コストリー'),
('エクアドル', 'ホンジュラス', '前半34分', 'E・バレンシア'),
('エクアドル', 'ホンジュラス', '後半20分', 'E・バレンシア'),
('アルゼンチン', 'イラン', '後半46分', 'メッシ'),
('ドイツ', 'ガーナ', '後半6分', 'ゲッツェ'),
('ガーナ', 'ドイツ', '後半9分', 'A・アユー'),
('ガーナ', 'ドイツ', '後半18分', 'ジャン'),
('ドイツ', 'ガーナ', '後半26分', 'クローゼ'),
('ナイジェリア', 'ボスニア・ヘルツェゴビナ', '前半29分', 'オデムウィンジ'),
('ベルギー', 'ロシア', '後半43分', 'オリジ'),
('アルジェリア', '韓国', '前半26分', 'スリマニ'),
('アルジェリア', '韓国', '前半28分', 'ハリシェ'),
('アルジェリア', '韓国', '前半38分', 'ジャブ'),
('韓国', 'アルジェリア', '後半5分', 'ソン・フンミン'),
('アルジェリア', '韓国', '後半17分', 'ブラヒミ'),
('韓国', 'アルジェリア', '後半27分', 'ク・ジャチョル'),
('ポルトガル', '米国', '前半5分', 'ナニ'),
('米国', 'ポルトガル', '後半19分', 'ジョーンズ'),
('米国', 'ポルトガル', '後半36分', 'デンプシー'),
('ポルトガル', '米国', '後半50分', 'バレラ'),
('スペイン', 'オーストラリア', '前半36分', 'ビリャ'),
('スペイン', 'オーストラリア', '後半24分', 'フェルナンドトレス'),
('スペイン', 'オーストラリア', '後半37分', 'マタ'),
('オランダ', 'チリ', '後半32分', 'フェル'),
('オランダ', 'チリ', '後半47分', 'デパイ'),
('ブラジル', 'カメルーン', '前半17分', 'ネイマール'),
('カメルーン', 'ブラジル', '前半26分', 'マティプ'),
('ブラジル', 'カメルーン', '前半35分', 'ネイマール'),
('ブラジル', 'カメルーン', '後半4分', 'フレジ'),
('ブラジル', 'カメルーン', '後半39分', 'フェルナンジーニョ'),
('メキシコ', 'クロアチア', '後半27分', 'マルケス'),
('メキシコ', 'クロアチア', '後半30分', 'グアルダド'),
('メキシコ', 'クロアチア', '後半37分', 'エルナンデス'),
('クロアチア', 'メキシコ', '後半42分', 'ペリシッチ'),
('ウルグアイ', 'イタリア', '後半36分', 'ゴディン'),
('コロンビア', '日本', '前半17分', 'グアドラード'),
('日本', 'コロンビア', '前半46分', '岡崎'),
('コロンビア', '日本', '後半10分', 'マルティネス'),
('コロンビア', '日本', '後半37分', 'マルティネス'),
('コロンビア', '日本', '後半45分', 'ロドリゲス'),
('ギリシャ', 'コートジボワール', '前半42分', 'サマラス'),
('コートジボワール', 'ギリシャ', '後半29分', 'ボニ'),
('ギリシャ', 'コートジボワール', '後半48分', 'サマラス'),
('アルゼンチン', 'ナイジェリア', '前半3分', 'メッシ'),
('ナイジェリア', 'アルゼンチン', '前半4分', 'ムサ'),
('アルゼンチン', 'ナイジェリア', '前半46分', 'メッシ'),
('ナイジェリア', 'アルゼンチン', '後半2分', 'ムサ'),
('アルゼンチン', 'ナイジェリア', '後半5分', 'ロホ'),
('ボスニア・ヘルツェゴビナ', 'イラン', '前半23分', 'ジェコ'),
('ボスニア・ヘルツェゴビナ', 'イラン', '後半14分', 'ピャニッチ'),
('イラン', 'ボスニア・ヘルツェゴビナ', '後半37分', 'グーチャンネジャド'),
('ボスニア・ヘルツェゴビナ', 'イラン', '後半38分', 'ブルシャイエビッチ'),
('スイス', 'ホンジュラス', '前半6分', 'シャキリ'),
('スイス', 'ホンジュラス', '前半31分', 'シャキリ'),
('スイス', 'ホンジュラス', '後半26分', 'シャキリ'),
('ドイツ', '米国', '後半10分', 'ミュラー'),
('ポルトガル', 'ガーナ', '前半31分', ''),
('ガーナ', 'ポルトガル', '後半12分', 'ジャン'),
('ポルトガル', 'ガーナ', '後半35分', 'C・ロナルド'),
('ベルギー', '韓国', '後半33分', 'フェルトンゲン'),
('ロシア', 'アルジェリア', '前半6分', 'ココリン'),
('アルジェリア', 'ロシア', '後半15分', 'スリマニ'),
('ブラジル', 'チリ', '前半18分', 'ダビドルイス'),
('チリ', 'ブラジル', '前半32分', 'サンチェス'),
('コロンビア', 'ウルグアイ', '前半28分', 'ロドリゲス'),
('コロンビア', 'ウルグアイ', '後半5分', 'ロドリゲス'),
('メキシコ', 'オランダ', '後半3分', 'ドスサントス'),
('オランダ', 'メキシコ', '後半43分', 'スナイダー'),
('オランダ', 'メキシコ', '後半49分', 'フンテラール'),
('コスタリカ', 'ギリシャ', '後半7分', 'ルイス'),
('ギリシャ', 'コスタリカ', '後半46分', 'パパスタソプロス'),
('フランス', 'ナイジェリア', '後半34分', 'ポグバ'),
('フランス', 'ナイジェリア', '後半47分', ''),
('ドイツ', 'アルジェリア', '延前2分', 'シュルレ'),
('ドイツ', 'アルジェリア', '延後15分', 'エジル'),
('アルジェリア', 'ドイツ', '延後16分', 'ジャブ'),
('アルゼンチン', 'スイス', '延後13分', 'ディマリア'),
('ベルギー', '米国', '延前3分', 'デブルイネ'),
('ベルギー', '米国', '延前15分', 'ルカク'),
('米国', 'ベルギー', '延後2分', 'グリーン'),
('ドイツ', 'フランス', '前半13分', 'フンメルス'),
('ブラジル', 'コロンビア', '前半7分', 'チアゴシウバ'),
('ブラジル', 'コロンビア', '前半7分', 'チアゴシウバ'),
('コロンビア', 'ブラジル', '後半35分', 'ロドリゲス'),
('アルゼンチン', 'ベルギー', '前半8分', 'イグアイン'),
('ドイツ', 'ブラジル', '前半11分', 'ミュラー'),
('ドイツ', 'ブラジル', '前半23分', 'クローゼ'),
('ドイツ', 'ブラジル', '前半24分', 'クロース'),
('ドイツ', 'ブラジル', '前半26分', 'クロース'),
('ドイツ', 'ブラジル', '前半29分', 'ケディラ'),
('ドイツ', 'ブラジル', '後半24分', 'シュルレ'),
('ドイツ', 'ブラジル', '後半34分', 'シュルレ'),
('ブラジル', 'ドイツ', '後半45分', 'オスカル'),
('オランダ', 'ブラジル', '前半3分', 'ファンペルシー'),
('オランダ', 'ブラジル', '前半17分', 'ブリント'),
('オランダ', 'ブラジル', '後半46分', 'ワイナルドゥム'),
('ドイツ', 'アルゼンチン', '延後8分', 'ゲッツェ');

-- --------------------------------------------------------

--
-- Table structure for table `pairings`
--

CREATE TABLE `pairings` (
  `id` int(11) NOT NULL,
  `kickoff` datetime DEFAULT NULL,
  `my_country_id` int(11) DEFAULT NULL,
  `enemy_country_id` int(11) DEFAULT NULL
) ENGINE=InnoDB DEFAULT CHARSET=utf8;

--
-- Dumping data for table `pairings`
--

INSERT INTO `pairings` (`id`, `kickoff`, `my_country_id`, `enemy_country_id`) VALUES
(1, '2014-06-13 05:00:00', 1, 4),
(2, '2014-06-14 01:00:00', 2, 3),
(3, '2014-06-14 04:00:00', 5, 6),
(4, '2014-06-14 07:00:00', 7, 8),
(5, '2014-06-15 01:00:00', 9, 10),
(6, '2014-06-15 04:00:00', 13, 14),
(7, '2014-06-15 07:00:00', 15, 16),
(8, '2014-06-15 10:00:00', 11, 12),
(9, '2014-06-16 01:00:00', 17, 18),
(10, '2014-06-16 04:00:00', 19, 20),
(11, '2014-06-16 07:00:00', 21, 22),
(12, '2014-06-17 01:00:00', 25, 26),
(13, '2014-06-17 04:00:00', 23, 24),
(14, '2014-06-17 07:00:00', 27, 28),
(15, '2014-06-18 01:00:00', 29, 30),
(16, '2014-06-18 04:00:00', 1, 2),
(17, '2014-06-18 07:00:00', 31, 32),
(18, '2014-06-19 01:00:00', 8, 6),
(19, '2014-06-19 04:00:00', 5, 7),
(20, '2014-06-19 07:00:00', 3, 4),
(21, '2014-06-20 01:00:00', 9, 11),
(22, '2014-06-20 04:00:00', 13, 15),
(23, '2014-06-20 07:00:00', 12, 10),
(24, '2014-06-21 01:00:00', 16, 14),
(25, '2014-06-21 04:00:00', 17, 19),
(26, '2014-06-21 07:00:00', 20, 18),
(27, '2014-06-22 01:00:00', 21, 23),
(28, '2014-06-22 04:00:00', 25, 27),
(29, '2014-06-22 07:00:00', 24, 22),
(30, '2014-06-23 01:00:00', 29, 31),
(31, '2014-06-23 04:00:00', 32, 30),
(32, '2014-06-23 07:00:00', 28, 26),
(33, '2014-06-24 01:00:00', 8, 5),
(34, '2014-06-24 01:00:00', 6, 7),
(35, '2014-06-24 05:00:00', 3, 1),
(36, '2014-06-24 05:00:00', 4, 2),
(37, '2014-06-25 01:00:00', 16, 13),
(38, '2014-06-25 01:00:00', 14, 15),
(39, '2014-06-25 05:00:00', 12, 9),
(40, '2014-06-25 05:00:00', 10, 11),
(41, '2014-06-26 01:00:00', 24, 21),
(42, '2014-06-26 01:00:00', 22, 23),
(43, '2014-06-26 05:00:00', 20, 17),
(44, '2014-06-26 05:00:00', 18, 19),
(45, '2014-06-27 01:00:00', 28, 25),
(46, '2014-06-27 01:00:00', 26, 27),
(47, '2014-06-27 05:00:00', 32, 29),
(48, '2014-06-27 05:00:00', 30, 31),
(49, '2014-06-29 01:00:00', 7, 1),
(50, '2014-06-29 05:00:00', 13, 9),
(51, '2014-06-30 01:00:00', 2, 6),
(52, '2014-06-30 05:00:00', 10, 14),
(53, '2014-07-01 01:00:00', 24, 19),
(54, '2014-07-01 05:00:00', 30, 25),
(55, '2014-07-02 01:00:00', 17, 21),
(56, '2014-07-02 05:00:00', 28, 29),
(57, '2014-07-05 01:00:00', 25, 19),
(58, '2014-07-05 05:00:00', 9, 1),
(59, '2014-07-06 01:00:00', 29, 21),
(60, '2014-07-06 05:00:00', 14, 6),
(61, '2014-07-09 05:00:00', 25, 1),
(62, '2014-07-10 05:00:00', 21, 6),
(63, '2014-07-13 05:00:00', 6, 1),
(64, '2014-07-14 04:00:00', 21, 25),
(65, '2014-06-13 05:00:00', 4, 1),
(66, '2014-06-14 01:00:00', 3, 2),
(67, '2014-06-14 04:00:00', 6, 5),
(68, '2014-06-14 07:00:00', 8, 7),
(69, '2014-06-15 01:00:00', 10, 9),
(70, '2014-06-15 04:00:00', 14, 13),
(71, '2014-06-15 07:00:00', 16, 15),
(72, '2014-06-15 10:00:00', 12, 11),
(73, '2014-06-16 01:00:00', 18, 17),
(74, '2014-06-16 04:00:00', 20, 19),
(75, '2014-06-16 07:00:00', 22, 21),
(76, '2014-06-17 01:00:00', 26, 25),
(77, '2014-06-17 04:00:00', 24, 23),
(78, '2014-06-17 07:00:00', 28, 27),
(79, '2014-06-18 01:00:00', 30, 29),
(80, '2014-06-18 04:00:00', 2, 1),
(81, '2014-06-18 07:00:00', 32, 31),
(82, '2014-06-19 01:00:00', 6, 8),
(83, '2014-06-19 04:00:00', 7, 5),
(84, '2014-06-19 07:00:00', 4, 3),
(85, '2014-06-20 01:00:00', 11, 9),
(86, '2014-06-20 04:00:00', 15, 13),
(87, '2014-06-20 07:00:00', 10, 12),
(88, '2014-06-21 01:00:00', 14, 16),
(89, '2014-06-21 04:00:00', 19, 17),
(90, '2014-06-21 07:00:00', 18, 20),
(91, '2014-06-22 01:00:00', 23, 21),
(92, '2014-06-22 04:00:00', 27, 25),
(93, '2014-06-22 07:00:00', 22, 24),
(94, '2014-06-23 01:00:00', 31, 29),
(95, '2014-06-23 04:00:00', 30, 32),
(96, '2014-06-23 07:00:00', 26, 28),
(97, '2014-06-24 01:00:00', 5, 8),
(98, '2014-06-24 01:00:00', 7, 6),
(99, '2014-06-24 05:00:00', 1, 3),
(100, '2014-06-24 05:00:00', 2, 4),
(101, '2014-06-25 01:00:00', 13, 16),
(102, '2014-06-25 01:00:00', 15, 14),
(103, '2014-06-25 05:00:00', 9, 12),
(104, '2014-06-25 05:00:00', 11, 10),
(105, '2014-06-26 01:00:00', 21, 24),
(106, '2014-06-26 01:00:00', 23, 22),
(107, '2014-06-26 05:00:00', 17, 20),
(108, '2014-06-26 05:00:00', 19, 18),
(109, '2014-06-27 01:00:00', 25, 28),
(110, '2014-06-27 01:00:00', 27, 26),
(111, '2014-06-27 05:00:00', 29, 32),
(112, '2014-06-27 05:00:00', 31, 30),
(113, '2014-06-29 01:00:00', 1, 7),
(114, '2014-06-29 05:00:00', 9, 13),
(115, '2014-06-30 01:00:00', 6, 2),
(116, '2014-06-30 05:00:00', 14, 10),
(117, '2014-07-01 01:00:00', 19, 24),
(118, '2014-07-01 05:00:00', 25, 30),
(119, '2014-07-02 01:00:00', 21, 17),
(120, '2014-07-02 05:00:00', 29, 28),
(121, '2014-07-05 01:00:00', 19, 25),
(122, '2014-07-05 05:00:00', 1, 9),
(123, '2014-07-06 01:00:00', 21, 29),
(124, '2014-07-06 05:00:00', 6, 14),
(125, '2014-07-09 05:00:00', 1, 25),
(126, '2014-07-10 05:00:00', 6, 21),
(127, '2014-07-13 05:00:00', 1, 6),
(128, '2014-07-14 04:00:00', 25, 21),
(129, '2014-06-29 01:00:00', 7, 1),
(130, '2014-06-29 05:00:00', 13, 9),
(131, '2014-06-30 01:00:00', 2, 6),
(132, '2014-06-30 05:00:00', 10, 14),
(133, '2014-07-01 01:00:00', 24, 19),
(134, '2014-07-01 05:00:00', 30, 25),
(135, '2014-07-02 01:00:00', 17, 21),
(136, '2014-07-02 05:00:00', 28, 29),
(137, '2014-07-05 01:00:00', 25, 19),
(138, '2014-07-05 05:00:00', 9, 1),
(139, '2014-07-06 01:00:00', 29, 21),
(140, '2014-07-06 05:00:00', 14, 6),
(141, '2014-07-09 05:00:00', 25, 1),
(142, '2014-07-10 05:00:00', 21, 6),
(143, '2014-07-13 05:00:00', 6, 1),
(144, '2014-07-14 04:00:00', 21, 25);

-- --------------------------------------------------------

--
-- Table structure for table `pairings_tmp`
--

CREATE TABLE `pairings_tmp` (
  `kickoff` datetime DEFAULT NULL,
  `my_country` varchar(50) DEFAULT NULL,
  `enemy_country` varchar(50) DEFAULT NULL
) ENGINE=InnoDB DEFAULT CHARSET=utf8;

--
-- Dumping data for table `pairings_tmp`
--

INSERT INTO `pairings_tmp` (`kickoff`, `my_country`, `enemy_country`) VALUES
('2014-06-13 05:00:00', 'ブラジル', 'クロアチア'),
('2014-06-14 01:00:00', 'メキシコ', 'カメルーン'),
('2014-06-14 04:00:00', 'スペイン', 'オランダ'),
('2014-06-14 07:00:00', 'チリ', 'オーストラリア'),
('2014-06-15 01:00:00', 'コロンビア', 'ギリシャ'),
('2014-06-15 04:00:00', 'ウルグアイ', 'コスタリカ'),
('2014-06-15 07:00:00', 'イングランド', 'イタリア'),
('2014-06-15 10:00:00', 'コートジボワール', '日本'),
('2014-06-16 01:00:00', 'スイス', 'エクアドル'),
('2014-06-16 04:00:00', 'フランス', 'ホンジュラス'),
('2014-06-16 07:00:00', 'アルゼンチン', 'ボスニア・ヘルツェゴビナ'),
('2014-06-17 01:00:00', 'ドイツ', 'ポルトガル'),
('2014-06-17 04:00:00', 'イラン', 'ナイジェリア'),
('2014-06-17 07:00:00', 'ガーナ', '米国'),
('2014-06-18 01:00:00', 'ベルギー', 'アルジェリア'),
('2014-06-18 04:00:00', 'ブラジル', 'メキシコ'),
('2014-06-18 07:00:00', 'ロシア', '韓国'),
('2014-06-19 01:00:00', 'オーストラリア', 'オランダ'),
('2014-06-19 04:00:00', 'スペイン', 'チリ'),
('2014-06-19 07:00:00', 'カメルーン', 'クロアチア'),
('2014-06-20 01:00:00', 'コロンビア', 'コートジボワール'),
('2014-06-20 04:00:00', 'ウルグアイ', 'イングランド'),
('2014-06-20 07:00:00', '日本', 'ギリシャ'),
('2014-06-21 01:00:00', 'イタリア', 'コスタリカ'),
('2014-06-21 04:00:00', 'スイス', 'フランス'),
('2014-06-21 07:00:00', 'ホンジュラス', 'エクアドル'),
('2014-06-22 01:00:00', 'アルゼンチン', 'イラン'),
('2014-06-22 04:00:00', 'ドイツ', 'ガーナ'),
('2014-06-22 07:00:00', 'ナイジェリア', 'ボスニア・ヘルツェゴビナ'),
('2014-06-23 01:00:00', 'ベルギー', 'ロシア'),
('2014-06-23 04:00:00', '韓国', 'アルジェリア'),
('2014-06-23 07:00:00', '米国', 'ポルトガル'),
('2014-06-24 01:00:00', 'オーストラリア', 'スペイン'),
('2014-06-24 01:00:00', 'オランダ', 'チリ'),
('2014-06-24 05:00:00', 'カメルーン', 'ブラジル'),
('2014-06-24 05:00:00', 'クロアチア', 'メキシコ'),
('2014-06-25 01:00:00', 'イタリア', 'ウルグアイ'),
('2014-06-25 01:00:00', 'コスタリカ', 'イングランド'),
('2014-06-25 05:00:00', '日本', 'コロンビア'),
('2014-06-25 05:00:00', 'ギリシャ', 'コートジボワール'),
('2014-06-26 01:00:00', 'ナイジェリア', 'アルゼンチン'),
('2014-06-26 01:00:00', 'ボスニア・ヘルツェゴビナ', 'イラン'),
('2014-06-26 05:00:00', 'ホンジュラス', 'スイス'),
('2014-06-26 05:00:00', 'エクアドル', 'フランス'),
('2014-06-27 01:00:00', '米国', 'ドイツ'),
('2014-06-27 01:00:00', 'ポルトガル', 'ガーナ'),
('2014-06-27 05:00:00', '韓国', 'ベルギー'),
('2014-06-27 05:00:00', 'アルジェリア', 'ロシア'),
('2014-06-29 01:00:00', 'チリ', 'ブラジル'),
('2014-06-29 05:00:00', 'ウルグアイ', 'コロンビア'),
('2014-06-30 01:00:00', 'メキシコ', 'オランダ'),
('2014-06-30 05:00:00', 'ギリシャ', 'コスタリカ'),
('2014-07-01 01:00:00', 'ナイジェリア', 'フランス'),
('2014-07-01 05:00:00', 'アルジェリア', 'ドイツ'),
('2014-07-02 01:00:00', 'スイス', 'アルゼンチン'),
('2014-07-02 05:00:00', '米国', 'ベルギー'),
('2014-07-05 01:00:00', 'ドイツ', 'フランス'),
('2014-07-05 05:00:00', 'コロンビア', 'ブラジル'),
('2014-07-06 01:00:00', 'ベルギー', 'アルゼンチン'),
('2014-07-06 05:00:00', 'コスタリカ', 'オランダ'),
('2014-07-09 05:00:00', 'ドイツ', 'ブラジル'),
('2014-07-10 05:00:00', 'アルゼンチン', 'オランダ'),
('2014-07-13 05:00:00', 'オランダ', 'ブラジル'),
('2014-07-14 04:00:00', 'アルゼンチン', 'ドイツ'),
('2014-06-13 05:00:00', 'クロアチア', 'ブラジル'),
('2014-06-14 01:00:00', 'カメルーン', 'メキシコ'),
('2014-06-14 04:00:00', 'オランダ', 'スペイン'),
('2014-06-14 07:00:00', 'オーストラリア', 'チリ'),
('2014-06-15 01:00:00', 'ギリシャ', 'コロンビア'),
('2014-06-15 04:00:00', 'コスタリカ', 'ウルグアイ'),
('2014-06-15 07:00:00', 'イタリア', 'イングランド'),
('2014-06-15 10:00:00', '日本', 'コートジボワール'),
('2014-06-16 01:00:00', 'エクアドル', 'スイス'),
('2014-06-16 04:00:00', 'ホンジュラス', 'フランス'),
('2014-06-16 07:00:00', 'ボスニア・ヘルツェゴビナ', 'アルゼンチン'),
('2014-06-17 01:00:00', 'ポルトガル', 'ドイツ'),
('2014-06-17 04:00:00', 'ナイジェリア', 'イラン'),
('2014-06-17 07:00:00', '米国', 'ガーナ'),
('2014-06-18 01:00:00', 'アルジェリア', 'ベルギー'),
('2014-06-18 04:00:00', 'メキシコ', 'ブラジル'),
('2014-06-18 07:00:00', '韓国', 'ロシア'),
('2014-06-19 01:00:00', 'オランダ', 'オーストラリア'),
('2014-06-19 04:00:00', 'チリ', 'スペイン'),
('2014-06-19 07:00:00', 'クロアチア', 'カメルーン'),
('2014-06-20 01:00:00', 'コートジボワール', 'コロンビア'),
('2014-06-20 04:00:00', 'イングランド', 'ウルグアイ'),
('2014-06-20 07:00:00', 'ギリシャ', '日本'),
('2014-06-21 01:00:00', 'コスタリカ', 'イタリア'),
('2014-06-21 04:00:00', 'フランス', 'スイス'),
('2014-06-21 07:00:00', 'エクアドル', 'ホンジュラス'),
('2014-06-22 01:00:00', 'イラン', 'アルゼンチン'),
('2014-06-22 04:00:00', 'ガーナ', 'ドイツ'),
('2014-06-22 07:00:00', 'ボスニア・ヘルツェゴビナ', 'ナイジェリア'),
('2014-06-23 01:00:00', 'ロシア', 'ベルギー'),
('2014-06-23 04:00:00', 'アルジェリア', '韓国'),
('2014-06-23 07:00:00', 'ポルトガル', '米国'),
('2014-06-24 01:00:00', 'スペイン', 'オーストラリア'),
('2014-06-24 01:00:00', 'チリ', 'オランダ'),
('2014-06-24 05:00:00', 'ブラジル', 'カメルーン'),
('2014-06-24 05:00:00', 'メキシコ', 'クロアチア'),
('2014-06-25 01:00:00', 'ウルグアイ', 'イタリア'),
('2014-06-25 01:00:00', 'イングランド', 'コスタリカ'),
('2014-06-25 05:00:00', 'コロンビア', '日本'),
('2014-06-25 05:00:00', 'コートジボワール', 'ギリシャ'),
('2014-06-26 01:00:00', 'アルゼンチン', 'ナイジェリア'),
('2014-06-26 01:00:00', 'イラン', 'ボスニア・ヘルツェゴビナ'),
('2014-06-26 05:00:00', 'スイス', 'ホンジュラス'),
('2014-06-26 05:00:00', 'フランス', 'エクアドル'),
('2014-06-27 01:00:00', 'ドイツ', '米国'),
('2014-06-27 01:00:00', 'ガーナ', 'ポルトガル'),
('2014-06-27 05:00:00', 'ベルギー', '韓国'),
('2014-06-27 05:00:00', 'ロシア', 'アルジェリア'),
('2014-06-29 01:00:00', 'ブラジル', 'チリ'),
('2014-06-29 05:00:00', 'コロンビア', 'ウルグアイ'),
('2014-06-30 01:00:00', 'オランダ', 'メキシコ'),
('2014-06-30 05:00:00', 'コスタリカ', 'ギリシャ'),
('2014-07-01 01:00:00', 'フランス', 'ナイジェリア'),
('2014-07-01 05:00:00', 'ドイツ', 'アルジェリア'),
('2014-07-02 01:00:00', 'アルゼンチン', 'スイス'),
('2014-07-02 05:00:00', 'ベルギー', '米国'),
('2014-07-05 01:00:00', 'フランス', 'ドイツ'),
('2014-07-05 05:00:00', 'ブラジル', 'コロンビア'),
('2014-07-06 01:00:00', 'アルゼンチン', 'ベルギー'),
('2014-07-06 05:00:00', 'オランダ', 'コスタリカ'),
('2014-07-09 05:00:00', 'ブラジル', 'ドイツ'),
('2014-07-10 05:00:00', 'オランダ', 'アルゼンチン'),
('2014-07-13 05:00:00', 'ブラジル', 'オランダ'),
('2014-07-14 04:00:00', 'ドイツ', 'アルゼンチン'),
('2014-06-29 01:00:00', 'チリ', 'ブラジル'),
('2014-06-29 05:00:00', 'ウルグアイ', 'コロンビア'),
('2014-06-30 01:00:00', 'メキシコ', 'オランダ'),
('2014-06-30 05:00:00', 'ギリシャ', 'コスタリカ'),
('2014-07-01 01:00:00', 'ナイジェリア', 'フランス'),
('2014-07-01 05:00:00', 'アルジェリア', 'ドイツ'),
('2014-07-02 01:00:00', 'スイス', 'アルゼンチン'),
('2014-07-02 05:00:00', '米国', 'ベルギー'),
('2014-07-05 01:00:00', 'ドイツ', 'フランス'),
('2014-07-05 05:00:00', 'コロンビア', 'ブラジル'),
('2014-07-06 01:00:00', 'ベルギー', 'アルゼンチン'),
('2014-07-06 05:00:00', 'コスタリカ', 'オランダ'),
('2014-07-09 05:00:00', 'ドイツ', 'ブラジル'),
('2014-07-10 05:00:00', 'アルゼンチン', 'オランダ'),
('2014-07-13 05:00:00', 'オランダ', 'ブラジル'),
('2014-07-14 04:00:00', 'アルゼンチン', 'ドイツ');

-- --------------------------------------------------------

--
-- Table structure for table `players`
--

CREATE TABLE `players` (
  `id` int(11) NOT NULL,
  `country_id` int(11) DEFAULT NULL,
  `uniform_num` int(11) DEFAULT NULL,
  `position` varchar(2) DEFAULT NULL,
  `name` varchar(50) DEFAULT NULL,
  `club` varchar(50) DEFAULT NULL,
  `birth` date DEFAULT NULL,
  `height` int(11) DEFAULT NULL,
  `weight` int(11) DEFAULT NULL,
  `del_flg` int(11) NOT NULL COMMENT '権限'
) ENGINE=InnoDB DEFAULT CHARSET=utf8;

--
-- Dumping data for table `players`
--

INSERT INTO `players` (`id`, `country_id`, `uniform_num`, `position`, `name`, `club`, `birth`, `height`, `weight`, `del_flg`) VALUES
(1, 1, 12, 'GK', 'ジュリオセザール', 'トロント（カナダ）', '1979-09-03', 186, 79, 1),
(2, 1, 1, 'GK', 'ジェフェルソン', 'ボタフォゴ（ブラジル）', '1983-01-02', 188, 80, 1),
(3, 1, 22, 'GK', 'ビクトル', 'アトレチコ・ミネイロ（ブラジル）', '1983-01-21', 193, 84, 1),
(4, 1, 23, 'DF', 'マイコン', 'ローマ（イタリア）', '1981-07-26', 184, 77, 1),
(5, 1, 14, 'DF', 'マックスウェル', 'パリサンジェルマン（フランス）', '1981-08-27', 176, 73, 1),
(6, 1, 2, 'DF', 'アウベス', 'バルセロナ（スペイン）', '1983-05-06', 173, 64, 1),
(7, 1, 13, 'DF', 'ダンチ', 'Bミュンヘン（ドイツ）', '1983-10-18', 188, 87, 0),
(8, 1, 3, 'DF', 'チアゴシウバ', 'パリサンジェルマン（フランス）', '1984-09-22', 183, 79, 0),
(9, 1, 15, 'DF', 'エンリケ', 'ナポリ（イタリア）', '1986-10-14', 187, 73, 1),
(10, 1, 4, 'DF', 'ダビドルイス', 'チェルシー（イングランド）', '1987-04-22', 189, 84, 0),
(11, 1, 6, 'DF', 'マルセロ', 'Rマドリード（スペイン）', '1988-05-12', 172, 73, 0),
(12, 1, 5, 'MF', 'フェルナンジーニョ', 'マンチェスターC（イングランド）', '1985-05-04', 175, 67, 0),
(13, 1, 18, 'MF', 'エルナネス', 'インテルミラノ（イタリア）', '1985-05-29', 181, 76, 1),
(14, 1, 16, 'MF', 'ラミレス', 'チェルシー（イングランド）', '1987-03-24', 180, 73, 0),
(15, 1, 17, 'MF', 'ルイスグスタボ', 'ウォルフスブルク（ドイツ）', '1987-07-23', 187, 80, 0),
(16, 1, 8, 'MF', 'パウリーニョ', 'トットナム（イングランド）', '1988-07-25', 182, 71, 1),
(17, 1, 19, 'MF', 'ビリアン', 'チェルシー（イングランド）', '1988-08-09', 174, 72, 0),
(18, 1, 11, 'MF', 'オスカル', 'チェルシー（イングランド）', '1991-09-09', 180, 66, 0),
(19, 1, 9, 'FW', 'フレジ', 'フルミネンセ（ブラジル）', '1983-10-03', 185, 90, 1),
(20, 1, 7, 'FW', 'フッキ', 'ゼニト（ロシア）', '1986-07-25', 180, 85, 1),
(21, 1, 21, 'FW', 'ジョー', 'アトレチコ・ミネイロ（ブラジル）', '1987-03-20', 189, 78, 1),
(22, 1, 10, 'FW', 'ネイマール', 'バルセロナ（スペイン）', '1992-02-05', 175, 64, 0),
(23, 1, 20, 'FW', 'ベルナルジ', 'シャフタル・ドネツク（クロアチア）', '1992-09-08', 163, 60, 1),
(24, 2, 12, 'GK', 'コロナ', 'クルスアスル（メキシコ）', '1981-01-26', 178, 72, 0),
(25, 2, 23, 'GK', 'タラベラ', 'トルーカ（メキシコ）', '1982-09-18', 188, 85, 0),
(26, 2, 1, 'GK', 'オチョア', 'アジャクシオ（フランス）', '1985-07-13', 185, 78, 0),
(27, 2, 4, 'DF', 'マルケス', 'レオン（メキシコ）', '1979-02-13', 184, 75, 0),
(28, 2, 3, 'DF', 'サルシド', 'ティグレス（メキシコ）', '1980-04-02', 170, 62, 0),
(29, 2, 2, 'DF', 'ロドリゲス', 'アメリカ', '1981-10-20', 191, 79, 0),
(30, 2, 22, 'DF', 'アギラル', 'アメリカ', '1986-03-06', 178, 67, 0),
(31, 2, 18, 'DF', 'グアルダド', 'レーバークーゼン（ドイツ）', '1986-09-28', 169, 67, 0),
(32, 2, 15, 'DF', 'モレノ', 'エスパニョール（スペイン）', '1988-01-17', 184, 80, 0),
(33, 2, 7, 'DF', 'ラジュン', 'アメリカ', '1988-06-25', 176, 66, 0),
(34, 2, 13, 'DF', 'レジェス', 'ポルト（ポルトガル）', '1992-09-19', 189, 65, 0),
(35, 2, 20, 'MF', 'モンテス', 'レオン', '1986-05-15', 166, 66, 0),
(36, 2, 5, 'MF', 'バスケス', 'レオン', '1988-03-14', 164, 62, 0),
(37, 2, 16, 'MF', 'ポンセ', 'トルーカ', '1989-04-12', 175, 77, 0),
(38, 2, 8, 'MF', 'ファビアン', 'クルスアスル', '1989-07-21', 170, 65, 0),
(39, 2, 17, 'MF', 'ペニャ', 'レオン', '1990-03-29', 176, 76, 0),
(40, 2, 6, 'MF', 'エレラ', 'ポルト（ポルトガル）', '1990-04-19', 183, 72, 0),
(41, 2, 21, 'MF', 'ブリスエラ', 'トルーカ', '1990-08-28', 173, 67, 0),
(42, 2, 19, 'FW', 'ペラルタ', 'サントス・ラグーナ', '1984-01-12', 177, 73, 0),
(43, 2, 14, 'FW', 'エルナンデス', 'マンチェスターU（イングランド）', '1988-06-01', 173, 62, 0),
(44, 2, 10, 'FW', 'ドスサントス', 'ビリャレアル（スペイン）', '1989-05-11', 174, 70, 0),
(45, 2, 11, 'FW', 'プリド', 'ティグレス', '1991-03-08', 174, 67, 0),
(46, 2, 9, 'FW', 'ヒメネス', 'クラブ・アメリカ', '1991-05-05', 186, 77, 0),
(47, 3, 16, 'GK', 'イタンジェ', 'コニヤスポル（トルコ）', '1982-11-02', 193, 88, 0),
(48, 3, 23, 'GK', 'ヌジョック', 'フェトヒエスポル（トルコ）', '1990-02-25', 181, 85, 0),
(49, 3, 1, 'GK', 'フジュ', 'コトンスポール', '1992-04-14', 178, 74, 0),
(50, 3, 2, 'DF', 'アスエコット', 'クイーンズパーク（イングランド）', '1984-03-24', 179, 69, 0),
(51, 3, 12, 'DF', 'ベディモ', 'リヨン（フランス）', '1984-06-04', 180, 80, 0),
(52, 3, 14, 'DF', 'シェジュ', 'ガラタサライ（トルコ）', '1985-06-20', 184, 86, 0),
(53, 3, 5, 'DF', 'ヌンク', 'ベシクタシュ（トルコ）', '1986-04-11', 184, 85, 0),
(54, 3, 22, 'DF', 'ニョム', 'グラナダ（スペイン）', '1988-05-10', 188, 81, 0),
(55, 3, 5, 'DF', 'ヌクルー', 'マルセイユ（フランス）', '1990-03-27', 180, 77, 0),
(56, 3, 4, 'DF', 'ジュグー', 'コトンスポール', '1992-08-28', 184, 75, 0),
(57, 3, 11, 'MF', 'マクン', 'レンヌ（フランス）', '1983-05-29', 172, 65, 0),
(58, 3, 7, 'MF', 'ヌゲモ', 'ボルドー（フランス）', '1985-11-28', 173, 70, 0),
(59, 3, 18, 'MF', 'エノー', 'アンタルヤスポル（トルコ）', '1986-03-23', 180, 76, 0),
(60, 3, 17, 'MF', 'ムビア', 'セビリア（スペイン）', '1986-05-20', 189, 82, 0),
(61, 3, 6, 'MF', 'ソング', 'バルセロナ（スペイン）', '1987-09-09', 185, 74, 0),
(62, 3, 8, 'MF', 'ムカンジョ', 'ナンシー（フランス）', '1988-11-12', 179, 76, 0),
(63, 3, 21, 'MF', 'マティプ', 'シャルケ（ドイツ）', '1991-08-08', 193, 88, 0),
(64, 3, 20, 'MF', 'サリ', 'ランス（フランス）', '1992-08-17', 163, 64, 0),
(65, 3, 9, 'FW', 'エトー', 'チェルシー（イングランド）', '1981-03-10', 180, 79, 0),
(66, 3, 15, 'FW', 'ウェボ', 'フェネルバフチェ（トルコ）', '1982-01-20', 180, 78, 0),
(67, 3, 13, 'FW', 'チュポモティング', 'マインツ（ドイツ）', '1989-03-23', 190, 84, 0),
(68, 3, 10, 'FW', 'アブバカル', 'ロリアン（フランス）', '1992-01-22', 184, 82, 0),
(69, 3, 19, 'FW', 'オリンガ', 'ワーレゲム（ベルギー）', '1996-05-12', 172, 66, 0),
(70, 4, 1, 'GK', 'プレティコサ', 'ロストフ（ロシア）', '1979-01-08', 193, 83, 0),
(71, 4, 23, 'GK', 'スバシッチ', 'モナコ（イタリア）', '1984-10-27', 191, 85, 0),
(72, 4, 12, 'GK', 'ゼレニカ', 'NKロコモティバ', '1993-05-14', 192, 82, 0),
(73, 4, 3, 'DF', 'プラニッチ', 'パナシナイコス（ギリシャ）', '1981-12-02', 171, 70, 0),
(74, 4, 11, 'DF', 'スルナ', 'シャフタル（ウクライナ）', '1982-05-01', 182, 78, 0),
(75, 4, 13, 'DF', 'シルデンフェルト', 'パナシナイコス（ギリシャ）', '1985-03-18', 191, 91, 0),
(76, 4, 5, 'DF', 'チョルルカ', 'ロコモティフ・モスクワ（ロシア）', '1986-02-05', 192, 84, 0),
(77, 4, 21, 'DF', 'ビダ', 'ディナモ・キエフ（ウクライナ）', '1989-04-29', 184, 73, 0),
(78, 4, 6, 'DF', 'ロブレン', 'サウサンプトン（イングランド）', '1989-07-05', 188, 84, 0),
(79, 4, 2, 'DF', 'ブルサリコ', 'ジェノア（イタリア）', '1992-01-10', 183, 73, 0),
(80, 4, 8, 'MF', 'ブコイエビッチ', 'ディナモ・キエフ（ウクライナ）', '1983-12-20', 184, 85, 0),
(81, 4, 10, 'MF', 'モドリッチ', 'Rマドリード（スペイン）', '1985-09-09', 174, 65, 0),
(82, 4, 19, 'MF', 'サミル', 'ヘタフェ（スペイン）', '1987-04-23', 178, 77, 0),
(83, 4, 7, 'MF', 'ラキティッチ', 'セビリア（スペイン）', '1988-03-10', 184, 75, 0),
(84, 4, 4, 'MF', 'ペリシッチ', 'ウォルフスブルク（ドイツ）', '1989-02-02', 182, 74, 0),
(85, 4, 14, 'MF', 'ブロゾビッチ', 'ディナモ・ザグレブ', '1992-11-16', 180, 65, 0),
(86, 4, 15, 'MF', 'モチニッチ', 'リエカ', '1993-04-30', 180, 72, 0),
(87, 4, 20, 'MF', 'コバチッチ', 'インテルミラノ（イタリア）', '1994-05-06', 181, 75, 0),
(88, 4, 18, 'FW', 'オリッチ', 'ウォルフスブルク（ドイツ）', '1979-09-14', 182, 85, 0),
(89, 4, 22, 'FW', 'エドゥアルド', 'シャフタル（ウクライナ）', '1983-02-25', 177, 73, 0),
(90, 4, 9, 'FW', 'イエラビッチ', 'ハルシティ（イングランド）', '1985-08-27', 187, 84, 0),
(91, 4, 17, 'FW', 'マンジュキッチ', 'Bミュンヘン（ドイツ）', '1986-05-21', 187, 84, 0),
(92, 4, 16, 'FW', 'レビッチ', 'フィオレンティナ（イタリア）', '1993-09-21', 185, 77, 0),
(93, 5, 1, 'GK', 'カシリャス', 'Rマドリード', '1981-05-20', 183, 84, 0),
(94, 5, 23, 'GK', 'レイナ', 'ナポリ（イタリア）', '1982-08-31', 188, 86, 0),
(95, 5, 12, 'GK', 'デヘア', 'マンチェスターU（イングランド）', '1990-11-07', 192, 82, 0),
(96, 5, 5, 'DF', 'フアンフラン', 'Aマドリード', '1985-01-09', 180, 72, 0),
(97, 5, 2, 'DF', 'アルビオル', 'ナポリ（イタリア）', '1985-09-04', 187, 82, 0),
(98, 5, 15, 'DF', 'セルヒオラモス', 'Rマドリード', '1986-03-30', 183, 75, 0),
(99, 5, 3, 'DF', 'ピケ', 'バルセロナ', '1987-02-02', 192, 85, 0),
(100, 5, 18, 'DF', 'アルバ', 'バルセロナ', '1989-03-21', 170, 69, 0),
(101, 5, 22, 'DF', 'アスピリクエタ', 'チェルシー（イングランド）', '1989-08-28', 178, 76, 0),
(102, 5, 8, 'MF', 'シャビ', 'バルセロナ', '1980-01-25', 170, 68, 0),
(103, 5, 14, 'MF', 'シャビアロンソ', 'Rマドリード', '1981-11-25', 183, 77, 0),
(104, 5, 6, 'MF', 'イニエスタ', 'バルセロナ', '1984-05-11', 170, 65, 0),
(105, 5, 20, 'MF', 'カソルラ', 'アーセナル（イングランド）', '1984-12-13', 168, 66, 0),
(106, 5, 10, 'MF', 'セスク', 'バルセロナ', '1987-05-04', 179, 75, 0),
(107, 5, 16, 'MF', 'ブスケツ', 'バルセロナ', '1988-07-16', 189, 73, 0),
(108, 5, 4, 'MF', 'ハビマルティネス', 'Bミュンヘン（ドイツ）', '1988-09-02', 190, 81, 0),
(109, 5, 17, 'MF', 'コケ', 'Aマドリード', '1992-01-08', 178, 74, 0),
(110, 5, 7, 'FW', 'ビリャ', 'Aマドリード', '1981-12-03', 175, 69, 0),
(111, 5, 9, 'FW', 'フェルナンドトレス', 'チェルシー（イングランド）', '1984-03-20', 186, 81, 0),
(112, 5, 11, 'FW', 'ペドロ', 'バルセロナ', '1987-07-28', 169, 64, 0),
(113, 5, 21, 'FW', 'シルバ', 'マンチェスターC（イングランド）', '1986-01-08', 170, 67, 0),
(114, 5, 13, 'FW', 'マタ', 'チェルシー（イングランド）', '1988-04-28', 174, 63, 0),
(115, 5, 19, 'FW', 'ディエゴコスタ', 'Aマドリード', '1988-10-07', 188, 81, 0),
(116, 7, 23, 'GK', 'エレラ', 'ウニベルシダード・デ・チリ', '1981-05-09', 184, 85, 0),
(117, 7, 1, 'GK', 'ブラボ', 'Rソシエダード（スペイン）', '1983-04-13', 185, 84, 0),
(118, 7, 12, 'GK', 'トセリ', 'ウニベルシダード・カトリカ', '1988-06-15', 186, 75, 0),
(119, 7, 13, 'DF', 'ロハス', 'ウニベルシダード・デ・チリ', '1983-06-23', 174, 83, 0),
(120, 7, 18, 'DF', 'ハラ', 'ノッティンガム・フォレスト（イングランド）', '1985-08-29', 178, 71, 0),
(121, 7, 17, 'DF', 'メデル', 'カーディフ（ウェールズ）', '1987-08-03', 172, 74, 0),
(122, 7, 4, 'DF', 'イスラ', 'ユベントス（イタリア）', '1988-06-12', 175, 72, 0),
(123, 7, 2, 'DF', 'メナ', 'サントス（ブラジル）', '1988-07-18', 175, 68, 0),
(124, 7, 10, 'MF', 'バルディビア', 'パルメイラス（ブラジル）', '1983-10-19', 173, 71, 0),
(125, 7, 19, 'MF', 'フエンサリダ', 'コロコロ', '1985-02-22', 169, 64, 0),
(126, 7, 5, 'MF', 'シルバ', 'オサスナ（スペイン）', '1986-02-11', 178, 75, 0),
(127, 7, 21, 'MF', 'ディアス', 'バーゼル（スイス）', '1986-12-30', 168, 65, 0),
(128, 7, 6, 'MF', 'カルモナ', 'アタランタ（イタリア）', '1987-02-21', 178, 68, 0),
(129, 7, 8, 'MF', 'ビダル', 'ユベントス（イタリア）', '1987-05-22', 180, 75, 0),
(130, 7, 20, 'MF', 'アランギス', 'インテルナシオナル（ブラジル）', '1989-04-17', 171, 72, 0),
(131, 7, 16, 'MF', 'グティエレス', 'トウェンテ（オランダ）', '1990-10-08', 170, 64, 0),
(132, 7, 3, 'MF', 'アルボノルス', 'マルメ（スウェーデン）', '1990-11-30', 180, 80, 0),
(133, 7, 22, 'FW', 'パレデス', 'コロコロ', '1980-08-01', 179, 76, 0),
(134, 7, 9, 'FW', 'ピニジャ', 'カリャリ（イタリア）', '1984-02-04', 185, 75, 0),
(135, 7, 15, 'FW', 'ボーセジュール', 'ウィガン（イングランド）', '1984-06-01', 178, 81, 0),
(136, 7, 14, 'FW', 'オレジャナ', 'セルタ（スペイン）', '1986-01-27', 171, 70, 0),
(137, 7, 7, 'FW', 'サンチェス', 'バルセロナ（スペイン）', '1988-12-19', 169, 70, 0),
(138, 7, 11, 'FW', 'バルガス', 'バレンシア（スペイン）', '1989-11-20', 175, 69, 0),
(139, 8, 18, 'GK', 'ガレコビッチ', 'アデレードU', '1981-06-12', 186, 91, 0),
(140, 8, 12, 'GK', 'ランゲラク', 'ドルトムント（ドイツ）', '1988-08-22', 192, 81, 0),
(141, 8, 1, 'GK', 'ライアン', 'クラブ・ブルージュ（ベルギー）', '1992-04-08', 184, 73, 0),
(142, 8, 22, 'DF', 'ウィルキンソン', '全北', '1984-08-13', 187, 85, 0),
(143, 8, 2, 'DF', 'フラニッチ', 'ブリスベーン', '1987-09-10', 180, 77, 0),
(144, 8, 6, 'DF', 'スピラノビッチ', 'ウェスタンシドニー', '1988-06-27', 180, 77, 0),
(145, 8, 19, 'DF', 'マクガワン', '山東（中国）', '1989-08-15', 191, 75, 0),
(146, 8, 3, 'DF', 'デービッドソン', 'ヘラクレス（オランダ）', '1991-06-29', 180, 74, 0),
(147, 8, 8, 'DF', 'ライト', 'プレストン（イングランド）', '1992-07-28', 184, 84, 0),
(148, 8, 23, 'MF', 'ブレシャノ', 'アルガラファ（カタール）', '1980-02-11', 182, 73, 0),
(149, 8, 17, 'MF', 'マッケイ', 'ブリスベーン', '1983-01-11', 171, 65, 0),
(150, 8, 15, 'MF', 'ジェディナク', 'クリスタルパレス（イングランド）', '1984-08-03', 189, 88, 0),
(151, 8, 5, 'MF', 'ミリガン', 'メルボルン・ビクトリー', '1985-08-04', 178, 78, 0),
(152, 8, 20, 'MF', 'ビドシッチ', 'シオン（スイス）', '1987-04-08', 184, 74, 0),
(153, 8, 14, 'MF', 'トロイージ', 'メルボルン・ビクトリー', '1988-07-03', 180, 81, 0),
(154, 8, 13, 'MF', 'ボザニッチ', 'ルツェルン（スイス）', '1989-01-08', 183, 76, 0),
(155, 8, 16, 'MF', 'ホランド', 'オーストリア・ウィーン（オーストリア）', '1989-05-15', 180, 74, 0),
(156, 8, 11, 'MF', 'オー', 'ユトレヒト（オランダ）', '1991-12-10', 170, 64, 0),
(157, 8, 21, 'MF', 'ルオンゴ', 'スウィンドン（イングランド）', '1992-09-25', 176, 75, 0),
(158, 8, 4, 'FW', 'ケーヒル', 'レッドブルズ（米国）', '1979-12-06', 178, 68, 0),
(159, 8, 7, 'FW', 'レッキー', 'フランクフルト（ドイツ）', '1991-02-04', 180, 78, 0),
(160, 8, 10, 'FW', 'ハロラン', 'デュッセルドルフ（ドイツ）', '1992-06-14', 180, 73, 0),
(161, 8, 9, 'FW', 'タガート', 'ニューカッスル・ジェッツ', '1993-06-02', 183, 69, 0),
(162, 6, 22, 'GK', 'フォルム', 'スウォンジー（イングランド）', '1983-10-20', 183, 86, 0),
(163, 6, 23, 'GK', 'クルル', 'ニューカッスル（イングランド）', '1988-04-03', 193, 84, 0),
(164, 6, 0, 'GK', 'シレッセン', 'アヤックス', '1989-04-22', 188, 82, 0),
(165, 6, 12, 'DF', 'フェルハーフ', 'アウクスブルク（ドイツ）', '1983-09-01', 178, 72, 0),
(166, 6, 0, 'DF', 'フラール', 'アストンビラ（イングランド）', '1985-02-16', 189, 80, 0),
(167, 6, 0, 'DF', 'ヤンマート', 'フェイエノールト', '1989-07-22', 185, 80, 0),
(168, 6, 0, 'DF', 'ブリント', 'アヤックス', '1990-03-09', 180, 72, 0),
(169, 6, 13, 'DF', 'フェルトマン', 'アヤックス', '1992-01-15', 182, 73, 0),
(170, 6, 0, 'DF', 'デフライ', 'フェイエノールト', '1992-02-05', 188, 78, 0),
(171, 6, 0, 'DF', 'マルティンスインディ', 'フェイエノールト', '1992-02-08', 185, 76, 0),
(172, 6, 14, 'DF', 'コンゴロ', 'フェイエノールト', '1994-02-14', 182, 74, 0),
(173, 6, 10, 'MF', 'スナイダー', 'ガラタサライ（トルコ）', '1984-06-09', 170, 67, 0),
(174, 6, 0, 'MF', 'デヨング', 'ACミラン（イタリア）', '1984-11-30', 174, 72, 0),
(175, 6, 11, 'MF', 'ロッベン', 'Bミュンヘン（ドイツ）', '1984-01-23', 180, 80, 0),
(176, 6, 0, 'MF', 'デグズマン', 'スウォンジー（イングランド）', '1987-09-13', 173, 65, 0),
(177, 6, 18, 'MF', 'フェル', 'ノリッジ（イングランド）', '1990-01-05', 188, 79, 0),
(178, 6, 16, 'MF', 'クラシー', 'フェイエノールト', '1991-06-27', 169, 68, 0),
(179, 6, 20, 'MF', 'ワイナルドゥム', 'PSV', '1990-11-11', 173, 69, 0),
(180, 6, 15, 'FW', 'カイト', 'フェネルバフチェ（トルコ）', '1980-07-22', 184, 77, 0),
(181, 6, 0, 'FW', 'ファンペルシー', 'マンチェスターU（イングランド）', '1983-08-06', 183, 71, 0),
(182, 6, 19, 'FW', 'フンテラール', 'シャルケ（ドイツ）', '1983-08-12', 183, 78, 0),
(183, 6, 21, 'FW', 'デパイ', 'PSV', '1994-02-13', 176, 78, 0),
(184, 6, 17, 'FW', 'レンス', 'ディナモ・キエフ（ウクライナ）', '1987-11-24', 178, 80, 0),
(185, 9, 22, 'GK', 'モンドラゴン', 'デポルティボ・カリ', '1971-06-21', 191, 94, 0),
(186, 9, 2, 'GK', 'オスピナ', 'ニース（フランス）', '1988-08-31', 183, 79, 0),
(187, 9, 12, 'GK', 'バルガス', 'インディペンディエンテ・サンタフェ', '1989-03-09', 185, 80, 0),
(188, 9, 3, 'DF', 'ジェペス', 'アタランタ（イタリア）', '1976-01-13', 186, 83, 0),
(189, 9, 23, 'DF', 'バルデス', 'サン・ロレンソ（アルゼンチン）', '1985-05-22', 184, 80, 0),
(190, 9, 18, 'DF', 'スニガ', 'ナポリ（イタリア）', '1985-12-14', 172, 72, 0),
(191, 9, 2, 'DF', 'サパタ', 'ACミラン（イタリア）', '1986-09-30', 187, 82, 0),
(192, 9, 7, 'DF', 'アルメロ', 'ウェストハム（イングランド）', '1986-11-02', 174, 73, 0),
(193, 9, 4, 'DF', 'アリアス', 'PSV（オランダ）', '1992-01-13', 175, 72, 0),
(194, 9, 16, 'DF', 'バランタ', 'リバープレート（アルゼンチン）', '1993-02-28', 181, 84, 0),
(195, 9, 8, 'MF', 'アギラル', 'トゥールーズ（フランス）', '1985-01-06', 185, 78, 0),
(196, 9, 6, 'MF', 'サンチェス', 'エルチェ（スペイン）', '1986-02-06', 182, 80, 0),
(197, 9, 13, 'MF', 'グアリン', 'インテルミラノ（イタリア）', '1986-06-30', 183, 77, 0),
(198, 9, 11, 'MF', 'グアドラード', 'フィオレンティナ（イタリア）', '1988-05-26', 176, 66, 0),
(199, 9, 15, 'MF', 'メヒア', 'アトレチコ・ナシオナル', '1988-07-11', 177, 77, 0),
(200, 9, 5, 'MF', 'カルボネロ', 'リバープレート（アルゼンチン）', '1990-07-25', 178, 77, 0),
(201, 9, 10, 'MF', 'ロドリゲス', 'モナコ（フランス）', '1991-07-12', 180, 77, 0),
(202, 9, 20, 'MF', 'キンテロ', 'ポルト（ポルトガル）', '1993-01-18', 169, 64, 0),
(203, 9, 9, 'FW', 'グティエレス', 'リバープレート（アルゼンチン）', '1985-05-17', 178, 83, 0),
(204, 9, 19, 'FW', 'ラモス', 'ヘルタ（ドイツ）', '1986-01-22', 185, 74, 0),
(205, 9, 17, 'FW', 'バッカ', 'セビリア（スペイン）', '1986-09-08', 181, 77, 0),
(206, 9, 21, 'FW', 'マルティネス', 'ポルト（ポルトガル）', '1986-10-03', 184, 75, 0),
(207, 9, 14, 'FW', 'イバルボ', 'カリャリ（イタリア）', '1990-05-19', 188, 76, 0),
(208, 10, 1, 'GK', 'カルネジス', 'グラナダ（スペイン）', '1985-07-11', 190, 84, 0),
(209, 10, 12, 'GK', 'グリコス', 'PAOK', '1986-10-10', 189, 83, 0),
(210, 10, 13, 'GK', 'カピノ', 'パナシナイコス', '1994-03-18', 196, 86, 0),
(211, 10, 11, 'DF', 'ビントラ', 'レバンテ（スペイン）', '1981-02-05', 184, 76, 0),
(212, 10, 5, 'DF', 'モラス', 'トリノ（イタリア）', '1981-08-26', 193, 78, 0),
(213, 10, 20, 'DF', 'ホレバス', 'オリンピアコス', '1984-06-27', 184, 79, 0),
(214, 10, 15, 'DF', 'トロシディス', 'ローマ（イタリア）', '1985-06-10', 185, 80, 0),
(215, 10, 2, 'DF', 'マニアティス', 'オリンピアコス', '1986-10-12', 177, 71, 0),
(216, 10, 3, 'DF', 'ツァベラス', 'PAOK', '1987-11-26', 183, 81, 0),
(217, 10, 19, 'DF', 'パパスタソプロス', 'ドルトムント（ドイツ）', '1988-06-09', 185, 85, 0),
(218, 10, 4, 'DF', 'マノラス', 'オリンピアコス', '1991-06-14', 186, 79, 0),
(219, 10, 10, 'MF', 'カラグニス', 'フラム（イングランド）', '1977-03-06', 176, 74, 0),
(220, 10, 21, 'MF', 'カツラニス', 'PAOK', '1979-06-21', 183, 81, 0),
(221, 10, 6, 'MF', 'ツィオリス', 'カイセリスポル（トルコ）', '1985-02-13', 189, 84, 0),
(222, 10, 16, 'MF', 'クリストドゥロプロス', 'ボローニャ（イタリア）', '1986-12-19', 183, 77, 0),
(223, 10, 8, 'MF', 'コネ', 'ボローニャ（イタリア）', '1987-07-26', 182, 74, 0),
(224, 10, 22, 'MF', 'A・サマラス', 'オリンピアコス', '1989-06-13', 189, 80, 0),
(225, 10, 23, 'MF', 'タフツィディス', 'トリノ（イタリア）', '1991-02-15', 191, 86, 0),
(226, 10, 17, 'FW', 'ゲカス', 'コンヤスポル（トルコ）', '1980-05-23', 179, 76, 0),
(227, 10, 14, 'FW', 'サルピンギディス', 'PAOK', '1981-08-18', 172, 74, 0),
(228, 10, 7, 'FW', 'サマラス', 'セルティック（スコットランド）', '1985-02-21', 193, 82, 0),
(229, 10, 9, 'FW', 'ミトログル', 'フラム（イングランド）', '1988-03-12', 189, 86, 0),
(230, 10, 18, 'FW', 'フェトファツィディス', 'ジェノア（イタリア）', '1990-12-21', 168, 64, 0),
(231, 11, 1, 'GK', 'バリ', 'ロケレン', '1979-12-30', 180, 69, 0),
(232, 11, 16, 'GK', 'グボウオ', 'セウェ・スポーツ', '1988-10-29', 184, 82, 0),
(233, 11, 23, 'GK', 'マンデ', 'スタバエク', '1993-06-15', 188, 82, 0),
(234, 11, 5, 'DF', 'ゾコラ', '無所属', '1980-12-14', 179, 72, 0),
(235, 11, 4, 'DF', 'K・トゥーレ', 'リバプール', '1981-03-19', 183, 76, 0),
(236, 11, 3, 'DF', 'ボカ', 'シュツットガルト', '1981-03-19', 166, 67, 0),
(237, 11, 22, 'DF', 'バンバ', 'トラブゾンスポル', '1985-01-13', 190, 90, 0),
(238, 11, 18, 'DF', 'ジャクパ', 'フランクフルト', '1986-10-17', 177, 71, 0),
(239, 11, 2, 'DF', 'ディアラスバ', 'リゼスポル', '1986-12-21', 186, 79, 0),
(240, 11, 7, 'DF', 'アクパ', 'トゥールーズ', '1986-11-28', 180, 68, 0),
(241, 11, 17, 'DF', 'オーリエ', 'トゥールーズ', '1992-12-24', 175, 75, 0),
(242, 11, 19, 'MF', 'Y・トゥーレ', 'マンチェスターC', '1983-05-13', 188, 90, 0),
(243, 11, 13, 'MF', 'ヤコナン', 'ハノーバー', '1984-02-25', 174, 67, 0),
(244, 11, 20, 'MF', 'セレイ', 'バーゼル', '1984-11-07', 179, 77, 0),
(245, 11, 9, 'MF', 'ティオテ', 'ニューカッスル', '1986-06-21', 180, 79, 0),
(246, 11, 15, 'MF', 'グラデル', 'サンテティエンヌ', '1987-11-30', 180, 70, 0),
(247, 11, 14, 'MF', 'ディオマンデ', 'サンテティエンヌ', '1992-08-28', 180, 75, 0),
(248, 11, 11, 'FW', 'ドログバ', 'ガラタサライ', '1978-03-11', 189, 91, 0),
(249, 11, 8, 'FW', 'カルー', 'リール', '1985-08-05', 184, 77, 0),
(250, 11, 10, 'FW', 'ジェルビーニョ', 'ローマ', '1987-05-27', 179, 68, 0),
(251, 11, 12, 'FW', 'ボニ', 'スウォンジー', '1988-12-10', 182, 88, 0),
(252, 11, 21, 'FW', 'シオ', 'バーゼル', '1989-03-31', 181, 77, 0),
(253, 11, 6, 'FW', 'ボリ', 'デュッセルドルフ', '1990-11-14', 185, 77, 0),
(254, 16, 1, 'GK', 'ブフォン', 'ユベントス', '1978-01-28', 191, 83, 0),
(255, 16, 12, 'GK', 'シリグ', 'パリサンジェルマン（フランス）', '1987-01-12', 192, 80, 0),
(256, 16, 13, 'GK', 'ペリン', 'ジェノア', '1992-11-10', 188, 74, 0),
(257, 16, 15, 'DF', 'バルザーリ', 'ユベントス', '1981-05-08', 186, 79, 0),
(258, 16, 3, 'DF', 'キエリーニ', 'ユベントス', '1984-08-14', 186, 76, 0),
(259, 16, 20, 'DF', 'パレッタ', 'パルマ', '1986-02-15', 190, 88, 0),
(260, 16, 7, 'DF', 'アバテ', 'ACミラン', '1986-11-12', 180, 73, 0),
(261, 16, 19, 'DF', 'ボヌッチ', 'ユベントス', '1987-05-01', 190, 82, 0),
(262, 16, 4, 'DF', 'ダルミアン', 'トリノ', '1989-12-02', 182, 70, 0),
(263, 16, 2, 'DF', 'デシリョ', 'ACミラン', '1992-10-20', 183, 74, 0),
(264, 16, 21, 'MF', 'ピルロ', 'ユベントス', '1979-05-19', 177, 68, 0),
(265, 16, 5, 'MF', 'モッタ', 'パリサンジェルマン（フランス）', '1982-08-28', 187, 83, 0),
(266, 16, 16, 'MF', 'デロッシ', 'ローマ', '1983-07-24', 184, 81, 0),
(267, 16, 14, 'MF', 'アクイラーニ', 'フィオレンティナ', '1984-07-07', 186, 77, 0),
(268, 16, 18, 'MF', 'パローロ', 'パルマ', '1985-01-25', 186, 82, 0),
(269, 16, 8, 'MF', 'マルキジオ', 'ユベントス', '1986-01-19', 179, 76, 0),
(270, 16, 6, 'MF', 'カンドレバ', 'ラツィオ', '1987-02-28', 181, 72, 0),
(271, 16, 23, 'MF', 'ベラッティ', 'パリサンジェルマン（フランス）', '1992-11-05', 165, 60, 0),
(272, 16, 10, 'FW', 'カッサーノ', 'パルマ', '1982-07-12', 175, 73, 0),
(273, 16, 11, 'FW', 'チェルチ', 'トリノ', '1987-07-23', 180, 78, 0),
(274, 16, 17, 'FW', 'インモビレ', 'トリノ', '1990-02-20', 185, 78, 0),
(275, 16, 9, 'FW', 'バロテリ', 'ACミラン', '1990-08-12', 189, 88, 0),
(276, 16, 22, 'FW', 'インシニェ', 'ナポリ', '1991-06-04', 163, 59, 0),
(277, 14, 18, 'GK', 'ペンベルトン', 'アラフエレンセ', '1982-04-24', 178, 75, 0),
(278, 14, 23, 'GK', 'カンブロネロ', 'エレディアノ', '1986-01-08', 171, 71, 0),
(279, 14, 1, 'GK', 'ナバス', 'レバンテ（スペイン）', '1986-12-15', 184, 78, 0),
(280, 14, 4, 'DF', 'ウマニャ', 'サプリサ', '1982-07-16', 178, 73, 0),
(281, 14, 2, 'DF', 'アコスタ', 'アラフエレンセ', '1983-07-21', 175, 80, 0),
(282, 14, 15, 'DF', 'ディアス', 'マインツ（ドイツ）', '1983-09-12', 185, 76, 0),
(283, 14, 8, 'DF', 'モラ', 'サプリサ', '1984-06-20', 178, 78, 0),
(284, 14, 19, 'DF', 'ミラー', 'レッドブルズ', '1984-11-24', 187, 75, 0),
(285, 14, 3, 'DF', 'ゴンザレス', 'クルー（米国）', '1988-02-08', 186, 72, 0),
(286, 14, 6, 'DF', 'ドゥアルテ', 'ブリュージュ（ベルギー）', '1989-06-03', 184, 85, 0),
(287, 14, 16, 'DF', 'ガンボア', 'ローゼンボリ（ノルウェー）', '1989-10-24', 175, 67, 0),
(288, 14, 12, 'DF', 'フランシス', 'クルー（米国）', '1990-09-20', 177, 72, 0),
(289, 14, 11, 'MF', 'バランテス', 'オーレスン（ノルウェー）', '1983-10-04', 177, 71, 0),
(290, 14, 7, 'MF', 'ボラニョス', 'コペンハーゲン（デンマーク）', '1984-05-17', 179, 67, 0),
(291, 14, 13, 'MF', 'グラナドス', 'エレディアノ', '1985-10-25', 183, 74, 0),
(292, 14, 22, 'MF', 'クベロ', 'エレディアノ', '1987-02-14', 180, 75, 0),
(293, 14, 5, 'MF', 'ボルヘス', 'AIKソルナ（スウェーデン）', '1988-05-27', 184, 78, 0),
(294, 14, 20, 'MF', 'カルボ', 'バレレンガ（ノルウェー）', '1991-03-25', 178, 78, 0),
(295, 14, 17, 'MF', 'テヘダ', 'サプリサ', '1992-03-17', 179, 66, 0),
(296, 14, 14, 'FW', 'ブレネス', 'カルタヒネス', '1983-08-13', 175, 69, 0),
(297, 14, 10, 'FW', 'ルイス', 'PSV（オランダ）', '1985-08-18', 186, 70, 0),
(298, 14, 21, 'FW', 'ウレニャ', 'クバン（ロシア）', '1990-03-05', 179, 72, 0),
(299, 14, 9, 'FW', 'キャンベル', 'オリンピアコス（ギリシャ）', '1992-06-26', 178, 70, 0),
(300, 13, 12, 'GK', 'ムニョス', 'リベルタ', '1982-01-22', 181, 79, 0),
(301, 13, 23, 'GK', 'シルバ', 'バスコ・ダ・ガマ（ブラジル）', '1983-03-25', 187, 82, 0),
(302, 13, 1, 'GK', 'ムスレラ', 'ガラタサライ（トルコ）', '1986-06-16', 190, 77, 0),
(303, 13, 2, 'DF', 'ルガノ', 'ウェストブロミッジ（イングランド）', '1980-11-02', 188, 83, 0),
(304, 13, 16, 'DF', 'M・ペレイラ', 'ベンフィカ（ポルトガル）', '1984-06-08', 173, 70, 0),
(305, 13, 4, 'DF', 'フシレ', 'ポルト（ポルトガル）', '1984-11-19', 178, 73, 0),
(306, 13, 3, 'DF', 'ゴディン', 'Aマドリード（スペイン）', '1986-02-16', 185, 75, 0),
(307, 13, 22, 'DF', 'カセレス', 'ユベントス（イタリア）', '1987-04-07', 182, 77, 0),
(308, 13, 19, 'DF', 'コアテス', 'ナシオナル', '1990-10-07', 196, 85, 0),
(309, 13, 13, 'DF', 'ヒメネス', 'Aマドリード（スペイン）', '1995-01-20', 185, 80, 0),
(310, 13, 15, 'MF', 'ペレス', 'ボローニャ（イタリア）', '1980-05-18', 177, 81, 0),
(311, 13, 17, 'MF', 'アレバロ', 'モレリア（メキシコ）', '1982-01-01', 168, 73, 0),
(312, 13, 5, 'MF', 'ガルガノ', 'パルマ（イタリア）', '1984-07-23', 168, 65, 0),
(313, 13, 20, 'MF', 'ゴンサレス', 'ラツィオ（イタリア）', '1984-10-29', 176, 72, 0),
(314, 13, 7, 'MF', 'ロドリゲス', 'Aマドリード（スペイン）', '1985-09-30', 178, 81, 0),
(315, 13, 6, 'MF', 'A・ペレイラ', 'サンパウロ（ブラジル）', '1985-11-28', 181, 78, 0),
(316, 13, 14, 'MF', 'ロデイロ', 'ボタフォゴ（ブラジル）', '1989-03-21', 173, 69, 0),
(317, 13, 18, 'MF', 'ラミレス', 'サウサンプトン（イングランド）', '1990-12-02', 183, 77, 0),
(318, 13, 10, 'FW', 'フォルラン', 'C大阪（日本）', '1979-05-19', 180, 75, 0),
(319, 13, 11, 'FW', 'ストゥアニ', 'エスパニョール（スペイン）', '1986-10-12', 186, 77, 0),
(320, 13, 9, 'FW', 'スアレス', 'リバプール（イングランド）', '1987-01-24', 181, 81, 0),
(321, 13, 21, 'FW', 'カバニ', 'パリサンジェルマン（フランス）', '1987-02-14', 184, 71, 0),
(322, 13, 8, 'FW', 'エルナンデス', 'パレルモ（イタリア）', '1990-08-08', 185, 73, 0),
(323, 15, 22, 'GK', 'フォスター', 'ウェストブロミッジ', '1983-04-03', 193, 90, 0),
(324, 15, 1, 'GK', 'ハート', 'マンチェスターC', '1987-04-19', 196, 89, 0),
(325, 15, 13, 'GK', 'フォースター', 'セルティック（スコットランド）', '1988-03-17', 201, 99, 0),
(326, 15, 6, 'DF', 'ジャギエルカ', 'エバートン', '1982-08-17', 183, 83, 0),
(327, 15, 2, 'DF', 'ジョンソン', 'リバプール', '1984-08-23', 182, 70, 0),
(328, 15, 3, 'DF', 'ベーンズ', 'エバートン', '1984-12-11', 170, 74, 0),
(329, 15, 5, 'DF', 'ケーヒル', 'チェルシー', '1985-12-19', 193, 86, 0),
(330, 15, 19, 'DF', 'スターリング', 'マンチェスターU', '1989-11-22', 194, 90, 0),
(331, 15, 16, 'DF', 'ジョーンズ', 'マンチェスターU', '1992-02-21', 185, 72, 0),
(332, 15, 23, 'DF', 'ショー', 'サウサンプトン', '1995-07-12', 185, 75, 0),
(333, 15, 8, 'MF', 'ランパード', 'チェルシー', '1978-06-20', 184, 88, 0),
(334, 15, 4, 'MF', 'ジェラード', 'リバプール', '1980-05-30', 183, 83, 0),
(335, 15, 17, 'MF', 'ミルナー', 'マンチェスターC', '1986-01-04', 176, 70, 0),
(336, 15, 20, 'MF', 'ララーナ', 'サウサンプトン', '1988-05-10', 172, 73, 0),
(337, 15, 14, 'MF', 'ヘンダーソン', 'リバプール', '1990-06-17', 182, 67, 0),
(338, 15, 7, 'MF', 'ウィルシャー', 'アーセナル', '1992-01-01', 172, 68, 0),
(339, 15, 15, 'MF', 'オクスレードチェンバレン', 'アーセナル', '1993-08-15', 180, 70, 0),
(340, 15, 21, 'MF', 'バークリー', 'エバートン', '1993-12-05', 189, 76, 0),
(341, 15, 19, 'MF', 'スターリング', 'リバプール', '1994-12-08', 170, 69, 0),
(342, 15, 18, 'FW', 'ランバート', 'サウサンプトン', '1982-02-16', 187, 77, 0),
(343, 15, 10, 'FW', 'ルーニー', 'マンチェスターU', '1985-10-24', 178, 86, 0),
(344, 15, 9, 'FW', 'スタリッジ', 'リバプール', '1989-09-01', 183, 76, 0),
(345, 15, 11, 'FW', 'ウェルベック', 'マンチェスターU', '1990-11-26', 185, 73, 0),
(346, 18, 1, 'GK', 'バンゲラ', 'バルセロナ・グアヤキル', '1985-12-16', 187, 85, 0),
(347, 18, 22, 'GK', 'ドミンゲス', 'LDUキト', '1987-06-05', 193, 80, 0),
(348, 18, 12, 'GK', 'ボネ', 'エル・ナシオナル', '1988-09-08', 188, 85, 0),
(349, 18, 10, 'DF', 'W・アジョビ', 'パチューカ（メキシコ）', '1979-08-11', 171, 68, 0),
(350, 18, 2, 'DF', 'グアグア', 'エメレック', '1981-09-28', 180, 68, 0),
(351, 18, 18, 'DF', 'バギ', 'エメレック', '1982-12-10', 172, 65, 0),
(352, 18, 21, 'DF', 'アチリエル', 'エメレック', '1985-03-24', 183, 80, 0),
(353, 18, 4, 'DF', 'パレデス', 'バルセロナ・グアヤキル', '1987-07-08', 174, 73, 0),
(354, 18, 3, 'DF', 'エラソ', 'フラメンゴ（ブラジル）', '1988-05-05', 190, 65, 0),
(355, 18, 8, 'MF', 'メンデス', 'インディペンディエンテ・サンタフェ', '1979-03-16', 178, 68, 0),
(356, 18, 14, 'MF', 'カスティージョ', 'アルヒラル（サウジアラビア）', '1982-05-15', 179, 75, 0),
(357, 18, 19, 'MF', 'サリタマ', 'バルセロナ・グアヤキル', '1983-10-20', 172, 67, 0),
(358, 18, 6, 'MF', 'ノボア', 'ディナモ・モスクワ（ロシア）', '1985-04-09', 183, 77, 0),
(359, 18, 16, 'MF', 'A・バレンシア', 'マンチェスターU（イングランド）', '1985-08-04', 178, 78, 0),
(360, 18, 15, 'MF', 'アロジョ', 'アトランテ（米国）', '1987-04-23', 172, 70, 0),
(361, 18, 5, 'MF', 'イバラ', 'フィテッセ（オランダ）', '1991-01-20', 174, 70, 0),
(362, 18, 23, 'MF', 'グルエソ', 'シュツットガルト（ドイツ）', '1995-04-19', 171, 67, 0),
(363, 18, 17, 'FW', 'J・アジョビ', 'ティフアナ（メキシコ）', '1988-02-21', 183, 75, 0),
(364, 18, 11, 'FW', 'カイセド', 'アルジャジーラ（UAE）', '1988-09-05', 185, 78, 0),
(365, 18, 9, 'FW', 'ロハス', 'クルスアスル（メキシコ）', '1989-06-14', 173, 68, 0),
(366, 18, 7, 'FW', 'モンテロ', 'モレリア（メキシコ）', '1989-09-01', 173, 70, 0),
(367, 18, 13, 'FW', 'E・バレンシア', 'パチューカ（メキシコ）', '1989-11-04', 174, 68, 0),
(368, 18, 20, 'FW', 'マルティネス', 'ティフアナ（メキシコ）', '1990-02-15', 180, 74, 0),
(369, 20, 18, 'GK', 'バジャダレス', 'オリンピア', '1977-05-03', 179, 82, 0),
(370, 20, 22, 'GK', 'エスコベル', 'オリンピア', '1981-02-03', 180, 76, 0),
(371, 20, 1, 'GK', 'ロペス', 'Rエスパーニャ', '1993-09-13', 182, 75, 0),
(372, 20, 5, 'DF', 'ベルナルデス', 'サンノゼ・アースクエイクス（米国）', '1982-05-24', 187, 86, 0),
(373, 20, 3, 'DF', 'フィゲロア', 'ハル（イングランド）', '1983-05-02', 182, 85, 0),
(374, 20, 2, 'DF', 'O・チャベス', '青島中能（中国）', '1984-07-29', 187, 86, 0),
(375, 20, 4, 'DF', 'モンテス', 'モタグア', '1985-10-26', 191, 85, 0),
(376, 20, 21, 'DF', 'ベケレス', 'オリンピア', '1985-11-28', 186, 80, 0),
(377, 20, 7, 'DF', 'イザギレ', 'セルティック（スコットランド）', '1986-05-10', 177, 77, 0),
(378, 20, 14, 'DF', 'J・ガルシア', 'ウィガン（イングランド）', '1988-03-08', 180, 76, 0),
(379, 20, 10, 'MF', 'M・チャベス', 'コロラド・ラピッズ（米国）', '1983-11-03', 165, 69, 0),
(380, 20, 8, 'MF', 'W・パラシオス', 'ストーク（イングランド）', '1984-07-29', 178, 71, 0),
(381, 20, 14, 'MF', 'O・ガルシア', 'ヒューストン・ダイナモ（米国）', '1984-09-04', 175, 73, 0),
(382, 20, 20, 'MF', 'クラロス', 'モタグア', '1986-01-08', 176, 67, 0),
(383, 20, 15, 'MF', 'エスピノサ', 'ウィガン（イングランド）', '1986-10-25', 180, 73, 0),
(384, 20, 12, 'MF', 'デルガド', 'Rエスパーニャ', '1986-11-20', 175, 70, 0),
(385, 20, 23, 'MF', 'M・マルティネス', 'Rエスパーニャ', '1989-07-30', 173, 72, 0),
(386, 20, 19, 'MF', 'ガリド', 'オリンピア', '1990-11-05', 174, 73, 0),
(387, 20, 17, 'MF', 'ナハル', 'アンデルレヒト（ベルギー）', '1993-03-16', 171, 67, 0),
(388, 20, 9, 'FW', 'J・パラシオス', 'アラフエレンセ（コスタリカ）', '1982-05-13', 181, 84, 0),
(389, 20, 13, 'FW', 'コストリー', 'Rエスパーニャ', '1982-07-18', 190, 84, 0),
(390, 20, 11, 'FW', 'ベントソン', 'ニューイングランド・レボリューション（米国）', '1987-04-08', 187, 70, 0),
(391, 20, 16, 'FW', 'R・マルティネス', 'Rソシエダード（スペイン）', '1988-10-16', 180, 75, 0),
(392, 17, 1, 'GK', 'ベナリオ', 'ウォルフスブルク（ドイツ）', '1983-09-08', 194, 89, 0),
(393, 17, 12, 'GK', 'ゾマー', 'バーゼル', '1988-12-17', 183, 79, 0),
(394, 17, 21, 'GK', 'ビュルキ', 'グラスホッパー', '1990-11-14', 187, 83, 0),
(395, 17, 5, 'DF', 'フォンベルゲン', 'ヤングボーイズ', '1983-06-10', 183, 77, 0),
(396, 17, 21, 'DF', 'リヒトシュタイナー', 'ユベントス（イタリア）', '1984-01-16', 180, 75, 0),
(397, 17, 4, 'DF', 'センデロス', 'バレンシア（スペイン）', '1985-02-14', 190, 84, 0),
(398, 17, 3, 'DF', 'ツィーグラー', 'サッスオロ（イタリア）', '1986-01-16', 183, 79, 0),
(399, 17, 20, 'DF', 'ジュルー', 'ハンブルガーSV（ドイツ）', '1987-01-18', 191, 87, 0),
(400, 17, 6, 'DF', 'ラング', 'グラスホッパー', '1991-02-08', 185, 79, 0),
(401, 17, 22, 'DF', 'シェア', 'バーゼル', '1991-12-20', 186, 85, 0),
(402, 17, 13, 'DF', 'ロドリゲス', 'ウォルフスブルク（ドイツ）', '1992-08-25', 180, 78, 0),
(403, 17, 8, 'MF', 'インラー', 'ナポリ（イタリア）', '1984-06-27', 183, 80, 0),
(404, 17, 11, 'MF', 'ベーラミ', 'ナポリ（イタリア）', '1985-04-19', 184, 78, 0),
(405, 17, 7, 'MF', 'バルネッタ', 'フランクフルト（ドイツ）', '1985-05-22', 178, 68, 0),
(406, 17, 15, 'MF', 'ジェマイリ', 'ナポリ（イタリア）', '1986-04-12', 179, 73, 0),
(407, 17, 16, 'MF', 'フェルナンデス', 'フライブルク（ドイツ）', '1986-09-02', 183, 70, 0),
(408, 17, 23, 'MF', 'シャキリ', 'Bミュンヘン（ドイツ）', '1991-10-10', 169, 72, 0),
(409, 17, 10, 'MF', 'シャカ', 'ボルシアMG（ドイツ）', '1992-09-27', 185, 82, 0),
(410, 17, 14, 'MF', 'シュトッカー', 'バーゼル', '1989-04-12', 179, 73, 0),
(411, 17, 17, 'FW', 'ガブラノビッチ', 'チューリヒ', '1989-11-24', 175, 74, 0),
(412, 17, 18, 'FW', 'メーメディ', 'フライブルク（ドイツ）', '1991-03-16', 182, 76, 0),
(413, 17, 9, 'FW', 'セフェロビッチ', 'Rソシエダード（スペイン）', '1992-02-22', 185, 83, 0),
(414, 17, 19, 'FW', 'ドルミッチ', 'ニュルンベルク（ドイツ）', '1992-08-08', 182, 70, 0),
(415, 19, 23, 'GK', 'ランドロー', 'バスティア', '1979-05-14', 184, 85, 0),
(416, 19, 16, 'GK', 'ルフィエ', 'サンテティエンヌ', '1986-09-27', 184, 74, 0),
(417, 19, 1, 'GK', 'ロリス', 'トットナム（イングランド）', '1986-12-26', 188, 73, 0),
(418, 19, 3, 'DF', 'エブラ', 'マンチェスターU（イングランド）', '1981-05-15', 175, 76, 0),
(419, 19, 15, 'DF', 'サニャ', 'アーセナル（イングランド）', '1983-02-14', 176, 72, 0),
(420, 19, 2, 'DF', 'ドビュシー', 'ニューカッスル（イングランド）', '1985-07-28', 178, 78, 0),
(421, 19, 21, 'DF', 'コシールニ', 'アーセナル（イングランド）', '1985-09-10', 186, 75, 0),
(422, 19, 5, 'DF', 'サコ', 'リバプール（イングランド）', '1990-02-13', 187, 83, 0),
(423, 19, 13, 'DF', 'マンガラ', 'ポルト（ポルトガル）', '1991-02-13', 188, 81, 0),
(424, 19, 4, 'DF', 'バラン', 'Rマドリード（スペイン）', '1993-04-25', 191, 78, 0),
(425, 19, 17, 'DF', 'ディニュ', 'パリサンジェルマン', '1993-07-20', 178, 74, 0),
(426, 19, 12, 'MF', 'マブバ', 'リール', '1984-03-08', 172, 74, 0),
(427, 19, 8, 'MF', 'バルブエナ', 'マルセイユ', '1984-09-28', 167, 58, 0),
(428, 19, 6, 'MF', 'カバイ', 'パリサンジェルマン', '1986-01-14', 173, 73, 0),
(429, 19, 14, 'MF', 'マチュイディ', 'パリサンジェルマン', '1987-04-09', 175, 70, 0),
(430, 19, 18, 'MF', 'シソコ', 'ニューカッスル（イングランド）', '1989-08-16', 187, 88, 0),
(431, 19, 22, 'MF', 'シュネデルラン', 'サウサンプトン（イングランド）', '1989-11-08', 181, 75, 0),
(432, 19, 7, 'MF', 'カベラ', 'モンペリエ', '1990-03-08', 172, 66, 0),
(433, 19, 19, 'MF', 'ポグバ', 'ユベントス（イタリア）', '1993-03-15', 186, 80, 0),
(434, 19, 9, 'FW', 'ジルー', 'アーセナル（イングランド）', '1986-09-30', 192, 88, 0),
(435, 19, 20, 'FW', 'レミ', 'ニューカッスル（イングランド）', '1987-01-02', 185, 80, 0),
(436, 19, 10, 'FW', 'ベンゼマ', 'Rマドリード（スペイン）', '1987-12-19', 184, 84, 0),
(437, 19, 11, 'FW', 'グリーズマン', 'Rソシエダード（スペイン）', '1991-03-21', 176, 68, 0),
(438, 21, 12, 'GK', 'オリオン', 'ボカ・ジュニアーズ', '1981-07-26', 187, 85, 0),
(439, 21, 21, 'GK', 'アンドゥハル', 'カターニア（イタリア）', '1983-07-30', 194, 88, 0),
(440, 21, 1, 'GK', 'ロメロ', 'モナコ（フランス）', '1987-02-22', 192, 88, 0),
(441, 21, 3, 'DF', 'カンパニャロ', 'インテルミラノ（イタリア）', '1980-06-27', 181, 85, 0),
(442, 21, 15, 'DF', 'デミチェリス', 'マンチェスターC（イングランド）', '1980-12-20', 184, 80, 0),
(443, 21, 23, 'DF', 'バサンタ', 'モンテレイ（メキシコ）', '1984-04-03', 188, 78, 0),
(444, 21, 4, 'DF', 'サバレタ', 'マンチェスターC（イングランド）', '1985-01-16', 178, 76, 0),
(445, 21, 2, 'DF', 'ガライ', 'ベンフィカ（ポルトガル）', '1986-10-10', 192, 85, 0),
(446, 21, 17, 'DF', 'F・フェルナンデス', 'ナポリ（イタリア）', '1989-02-21', 189, 81, 0),
(447, 21, 16, 'DF', 'ロホ', 'スポルティング（ポルトガル）', '1990-03-20', 186, 82, 0),
(448, 21, 11, 'MF', 'ロドリゲス', 'ニューウェルス', '1981-01-02', 180, 74, 0),
(449, 21, 14, 'MF', 'マスケラーノ', 'バルセロナ（スペイン）', '1984-06-08', 174, 74, 0),
(450, 21, 6, 'MF', 'ビリア', 'ラツィオ（イタリア）', '1986-01-30', 178, 74, 0),
(451, 21, 8, 'MF', 'ペレス', 'ベンフィカ（ポルトガル）', '1986-02-22', 177, 77, 0),
(452, 21, 5, 'MF', 'ガゴ', 'ボカ・ジュニアーズ', '1986-04-10', 178, 70, 0),
(453, 21, 13, 'MF', 'A・フェルナンデス', 'セルタ（スペイン）', '1986-04-10', 177, 71, 0),
(454, 21, 7, 'MF', 'ディマリア', 'Rマドリード（スペイン）', '1988-02-14', 180, 75, 0),
(455, 21, 19, 'MF', 'アルバレス', 'インテルミラノ（イタリア）', '1988-04-12', 188, 84, 0),
(456, 21, 18, 'FW', 'パラシオ', 'インテルミラノ（イタリア）', '1982-02-05', 175, 70, 0),
(457, 21, 22, 'FW', 'ラベッシ', 'パリサンジェルマン（フランス）', '1985-05-03', 173, 75, 0),
(458, 21, 10, 'FW', 'メッシ', 'バルセロナ（スペイン）', '1987-06-24', 169, 67, 0),
(459, 21, 9, 'FW', 'イグアイン', 'ナポリ（イタリア）', '1987-12-10', 184, 82, 0),
(460, 21, 20, 'FW', 'アグエロ', 'マンチェスターC（イングランド）', '1988-06-02', 173, 70, 0),
(461, 22, 22, 'GK', 'アブドゥキッチ', 'バニャ・ルカ', '1981-05-13', 190, 89, 0),
(462, 22, 12, 'GK', 'フェイジッチ', 'アーレン（ドイツ）', '1986-05-15', 198, 95, 0),
(463, 22, 1, 'GK', 'ベゴビッチ', 'ストーク（イングランド）', '1987-06-20', 196, 83, 0),
(464, 22, 4, 'DF', 'スパヒッチ', 'レーバークーゼン（ドイツ）', '1980-08-18', 186, 77, 0),
(465, 22, 15, 'DF', 'スニッチ', 'ゾリャ・ルハンシク（ウクライナ）', '1988-12-15', 192, 80, 0),
(466, 22, 6, 'DF', 'ブラニェス', 'エラズースポル（トルコ）', '1989-10-24', 185, 83, 0),
(467, 22, 3, 'DF', 'ビチャクチッチ', 'ブラウンシュバイク（ドイツ）', '1990-01-24', 185, 83, 0),
(468, 22, 7, 'DF', 'ベシッチ', 'フェレンツバーロシュ（ハンガリー）', '1992-09-10', 180, 77, 0),
(469, 22, 5, 'DF', 'コラシナッツ', 'シャルケ（ドイツ）', '1993-06-20', 183, 82, 0),
(470, 22, 10, 'MF', 'ミシモビッチ', '貴州人和（中国）', '1982-06-05', 180, 79, 0),
(471, 22, 13, 'MF', 'ムイジャ', 'フライブルク（ドイツ）', '1984-03-28', 185, 77, 0),
(472, 22, 23, 'MF', 'サリホビッチ', 'ホッフェンハイム（ドイツ）', '1984-10-08', 182, 79, 0),
(473, 22, 18, 'MF', 'メドゥニャニン', 'ガジアンテプスポル（トルコ）', '1985-03-08', 188, 83, 0),
(474, 22, 17, 'MF', 'イブリチッチ', 'カイセリ・エルジーエススポル（トルコ）', '1985-09-26', 181, 80, 0),
(475, 22, 16, 'MF', 'ルリッチ', 'ラツィオ（イタリア）', '1986-01-18', 183, 75, 0),
(476, 22, 2, 'MF', 'ブルシャイエビッチ', 'ハイデュク・スプリト（クロアチア）', '1986-03-06', 179, 73, 0),
(477, 22, 21, 'MF', 'ハジッチ', 'グラーツ（オーストリア）', '1989-08-16', 184, 73, 0),
(478, 22, 19, 'MF', 'ビシュチャ', 'イスタンブール（トルコ）', '1990-02-17', 172, 68, 0),
(479, 22, 8, 'MF', 'ピャニッチ', 'ローマ（イタリア）', '1990-04-02', 180, 68, 0),
(480, 22, 20, 'MF', 'ハイロビッチ', 'ガラタサライ（トルコ）', '1991-08-04', 177, 83, 0),
(481, 22, 14, 'MF', 'スシッチ', 'ハイデュク・スプリト（クロアチア）', '1992-02-13', 186, 77, 0),
(482, 22, 9, 'FW', 'イビシェビッチ', 'シュツットガルト（ドイツ）', '1984-08-06', 188, 82, 0),
(483, 22, 11, 'FW', 'ジェコ', 'マンチェスターC（イングランド）', '1986-03-17', 193, 84, 0),
(484, 23, 1, 'GK', 'アハマディ', 'セパハン', '1980-07-30', 184, 77, 0),
(485, 23, 22, 'GK', 'ダバリ', 'ブラウンシュバイク（ドイツ）', '1988-01-06', 192, 85, 0),
(486, 23, 12, 'GK', 'A・ハギギ', 'コビリャン（ポルトガル）', '1988-05-02', 193, 87, 0),
(487, 23, 5, 'DF', 'サデギ', 'エステグラル', '1981-09-06', 188, 78, 0),
(488, 23, 4, 'DF', 'ホセイニ', 'ペルセポリス', '1982-02-03', 184, 80, 0),
(489, 23, 17, 'DF', 'アルナメ', 'ナフト・テヘラン', '1982-10-20', 186, 78, 0),
(490, 23, 15, 'DF', 'モンタゼリ', 'ウムサラル（カタール）', '1983-09-06', 186, 80, 0),
(491, 23, 0, 'DF', 'ヘイダリ', 'エステグラル', '1983-09-14', 182, 61, 0),
(492, 23, 19, 'DF', 'ベイクザデ', 'エステグラル', '1984-01-22', 189, 78, 0),
(493, 23, 13, 'DF', 'マヒニ', 'ペルセポリス', '1986-09-16', 170, 64, 0),
(494, 23, 20, 'DF', 'ベイタシュル', 'ホワイトキャップス（カナダ）', '1987-02-01', 178, 77, 0),
(495, 23, 23, 'DF', 'プーラディ', 'ペルセポリス', '1987-02-26', 181, 74, 0),
(496, 23, 6, 'MF', 'ネクナム', 'アルクウェート（クウェート）', '1980-09-07', 186, 78, 0),
(497, 23, 14, 'MF', 'ティモリアン', 'エステグラル', '1983-03-06', 180, 73, 0),
(498, 23, 11, 'MF', 'ハダディファル', 'ゾバハン', '1983-07-12', 180, 78, 0),
(499, 23, 8, 'MF', 'R・ハギギ', 'ペルセポリス', '1989-02-01', 191, 80, 0),
(500, 23, 3, 'MF', 'ハジサフィ', 'セパハン', '1990-02-25', 168, 65, 0),
(501, 23, 18, 'MF', 'ラハマニ', 'フーラド', '1991-09-23', 178, 75, 0),
(502, 23, 7, 'FW', 'ショジャエイ', 'ラスパルマス（スペイン）', '1984-06-09', 184, 75, 0),
(503, 23, 21, 'FW', 'デヤガ', 'フラム（イングランド）', '1986-07-05', 181, 79, 0),
(504, 23, 16, 'FW', 'グーチャンネジャド', 'チャールトン（イングランド）', '1987-09-20', 180, 77, 0),
(505, 23, 10, 'FW', 'アンサリファルド', 'トラークトゥール', '1990-04-03', 175, 77, 0),
(506, 23, 9, 'FW', 'ジャハンバフシュ', 'NEC（オランダ）', '1993-08-11', 180, 78, 0),
(507, 24, 1, 'GK', 'エニェアマ', 'リール（フランス）', '1982-08-29', 182, 87, 0),
(508, 24, 16, 'GK', 'エジデ', 'ハポエル（イスラエル）', '1984-04-08', 188, 90, 0),
(509, 24, 21, 'GK', 'アグビム', 'ゴンベ', '1984-11-28', 187, 83, 0),
(510, 24, 2, 'DF', 'ヨボ', 'ノリッジ（イングランド）', '1980-09-06', 185, 76, 0),
(511, 24, 5, 'DF', 'アンブローズ', 'セルティック（スコットランド）', '1988-10-18', 190, 70, 0),
(512, 24, 6, 'DF', 'エグウエクウェ', 'ウォリ・ウルブス', '1989-07-16', 195, 91, 0),
(513, 24, 13, 'DF', 'オシャニワ', 'アシドッド（イスラエル）', '1990-09-14', 176, 69, 0),
(514, 24, 14, 'DF', 'オボアボナ', 'リゼスポル（トルコ）', '1990-09-16', 186, 82, 0),
(515, 24, 12, 'DF', 'オドゥンラミ', 'サンシャイン・スターズ', '1991-04-30', 187, 70, 0),
(516, 24, 22, 'DF', 'オメルオ', 'ミドルスブラ（イングランド）', '1993-10-17', 185, 81, 0),
(517, 24, 10, 'MF', 'ミケル', 'チェルシー（イングランド）', '1987-04-22', 188, 83, 0),
(518, 24, 3, 'MF', 'ウゾエニ', 'エヌグ・レンジャーズ', '1988-03-23', 168, 63, 0),
(519, 24, 20, 'MF', 'ウチェボ', 'セルクルブリュージュ（ベルギー）', '1990-02-03', 194, 86, 0),
(520, 24, 4, 'MF', 'ガブリエル', 'ベヘレン（ベルギー）', '1990-09-25', 195, 80, 0),
(521, 24, 15, 'MF', 'モーゼス', 'ベヘレン（ベルギー）イングランド）', '1990-12-12', 179, 73, 0),
(522, 24, 15, 'MF', 'アジーズ', 'アルメリア（スペイン）', '1992-12-12', 169, 67, 0),
(523, 24, 17, 'MF', 'オナジ', 'ラツィオ（イタリア）', '1992-12-25', 173, 73, 0),
(524, 24, 8, 'FW', 'オデムウィンジ', 'ストーク（イングランド）', '1981-07-15', 181, 78, 0),
(525, 24, 23, 'FW', 'アメオビ', 'ニューカッスル（イングランド）', '1981-10-12', 191, 95, 0),
(526, 24, 9, 'FW', 'エメニケ', 'フェネルバフチェ（トルコ）', '1987-05-10', 182, 75, 0),
(527, 24, 19, 'FW', 'ヌウォフォー', 'ヘーレンフェイン（オランダ）', '1991-09-17', 183, 73, 0),
(528, 24, 7, 'FW', 'ムサ', 'CSKAモスクワ（ロシア）', '1992-10-14', 168, 69, 0),
(529, 24, 18, 'FW', 'ババトゥンデ', 'ボリン・ルーツィク（ウクライナ）', '1992-12-24', 179, 76, 0),
(530, 25, 22, 'GK', 'ワイデンフェラー', 'ドルトムント', '1980-08-06', 188, 85, 0),
(531, 25, 1, 'GK', 'ノイアー', 'Bミュンヘン', '1986-03-27', 193, 92, 0),
(532, 25, 12, 'GK', 'ツィーラー', 'ハノーバー', '1989-02-12', 188, 83, 0),
(533, 25, 16, 'DF', 'ラーム', 'Bミュンヘン', '1983-11-11', 170, 66, 0),
(534, 25, 17, 'DF', 'メルテザッカー', 'アーセナル（イングランド）', '1984-09-29', 198, 90, 0),
(535, 25, 4, 'DF', 'ヘベデス', 'シャルケ', '1988-02-29', 187, 80, 0),
(536, 25, 2, 'DF', 'グロスクロイツ', 'ドルトムント', '1988-07-19', 186, 72, 0),
(537, 25, 20, 'DF', 'ボアテング', 'Bミュンヘン', '1988-09-03', 192, 90, 0),
(538, 25, 5, 'DF', 'フンメルス', 'ドルトムント', '1988-12-16', 192, 90, 0),
(539, 25, 21, 'DF', 'ムスタフィ', 'サンプドリア（イタリア）', '1992-04-17', 184, 82, 0),
(540, 25, 15, 'DF', 'ドゥルム', 'ドルトムント', '1992-05-12', 183, 73, 0),
(541, 25, 7, 'MF', 'シュバインシュタイガー', 'Bミュンヘン', '1984-08-01', 183, 79, 0),
(542, 25, 10, 'MF', 'ポドルスキ', 'アーセナル（イングランド）', '1985-06-04', 182, 83, 0),
(543, 25, 6, 'MF', 'ケディラ', 'Rマドリード（スペイン）', '1987-04-04', 189, 81, 0),
(544, 25, 8, 'MF', 'エジル', 'アーセナル（イングランド）', '1988-10-15', 183, 76, 0),
(545, 25, 13, 'MF', 'ミュラー', 'Bミュンヘン', '1989-09-13', 186, 75, 0),
(546, 25, 18, 'MF', 'クロース', 'Bミュンヘン', '1990-01-04', 182, 78, 0),
(547, 25, 9, 'MF', 'シュルレ', 'チェルシー（イングランド）', '1990-11-06', 184, 74, 0),
(548, 25, 23, 'MF', 'クラマー', 'ボルシアMG', '1991-02-19', 189, 82, 0),
(549, 25, 19, 'MF', 'ゲッツェ', 'Bミュンヘン', '1992-06-03', 176, 64, 0),
(550, 25, 14, 'MF', 'ドラクスラー', 'シャルケ', '1993-09-20', 185, 74, 0),
(551, 25, 3, 'MF', 'ギンター', 'フライブルク', '1994-01-19', 188, 85, 0),
(552, 25, 11, 'FW', 'クローゼ', 'ラツィオ（イタリア）', '1978-06-09', 184, 84, 0),
(553, 26, 22, 'GK', 'ベト', 'セビリア（スペイン）', '1982-05-01', 182, 81, 0),
(554, 26, 1, 'GK', 'エドゥアルド', 'ブラガ', '1982-09-19', 187, 84, 0),
(555, 26, 12, 'GK', 'ルイパトリシオ', 'スポルティング', '1988-02-15', 190, 85, 0),
(556, 26, 13, 'DF', 'コスタ', 'バレンシア（スペイン）', '1981-05-16', 183, 80, 0),
(557, 26, 2, 'DF', 'アルベス', 'フェネルバフチェ（トルコ）', '1981-11-27', 188, 83, 0),
(558, 26, 3, 'DF', 'ペペ', 'Rマドリード（スペイン）', '1983-02-26', 188, 81, 0),
(559, 26, 21, 'DF', 'ペレイラ', 'バレンシア（スペイン）', '1984-02-25', 172, 70, 0),
(560, 26, 5, 'DF', 'コエントラン', 'Rマドリード（スペイン）', '1988-03-11', 179, 70, 0),
(561, 26, 14, 'DF', 'ネト', 'ゼニト（ロシア）', '1988-05-26', 187, 71, 0),
(562, 26, 19, 'DF', 'A・アルメイダ', 'ベンフィカ', '1990-09-10', 186, 75, 0),
(563, 26, 16, 'MF', 'メイレレス', 'フェネルバフチェ（トルコ）', '1983-03-17', 180, 70, 0),
(564, 26, 20, 'MF', 'アモリン', 'ベンフィカ', '1985-01-27', 180, 78, 0),
(565, 26, 4, 'MF', 'ベロゾ', 'ディナモ・キエフ（ウクライナ）', '1986-05-11', 180, 78, 0),
(566, 26, 8, 'MF', 'モウティーニョ', 'モナコ（フランス）', '1986-09-08', 170, 61, 0),
(567, 26, 6, 'MF', 'カルバリョ', 'スポルティング', '1992-04-07', 187, 87, 0),
(568, 26, 23, 'FW', 'ポスティガ', 'ラツィオ（イタリア）', '1982-08-02', 182, 74, 0),
(569, 26, 9, 'FW', 'H・アルメイダ', 'ベシクタシュ（トルコ）', '1984-05-23', 191, 86, 0),
(570, 26, 18, 'FW', 'バレラ', 'ポルト', '1985-02-02', 179, 79, 0),
(571, 26, 7, 'FW', 'C・ロナルド', 'Rマドリード（スペイン）', '1985-02-05', 185, 80, 0),
(572, 26, 10, 'FW', 'ビエイリーニャ', 'ウォルフスブルク（ドイツ）', '1986-01-24', 172, 73, 0),
(573, 26, 17, 'FW', 'ナニ', 'マンチェスターU（イングランド）', '1986-11-17', 175, 66, 0),
(574, 26, 11, 'FW', 'エデル', 'ブラガ', '1987-12-22', 188, 81, 0),
(575, 26, 15, 'FW', 'ラファ', 'ブラガ', '1993-05-17', 170, 66, 0),
(576, 28, 1, 'GK', 'ハワード', 'エバートン（イングランド）', '1979-03-06', 187, 88, 0),
(577, 28, 22, 'GK', 'リマンド', 'レアル・ソルトレーク（米国）', '1979-06-17', 180, 82, 0),
(578, 28, 12, 'GK', 'グザン', 'アストンビラ（イングランド）', '1984-09-09', 193, 95, 0),
(579, 28, 7, 'DF', 'ビーズリー', 'プエブラ（メキシコ）', '1982-05-24', 173, 66, 0),
(580, 28, 20, 'DF', 'キャメロン', 'ストーク（イングランド）', '1985-07-11', 190, 84, 0),
(581, 28, 5, 'DF', 'ベスラー', 'スポルティング・カンザスシティ（米国）', '1987-02-11', 183, 77, 0),
(582, 28, 23, 'DF', 'ジョンソン', 'ホッフェンハイム（ドイツ）', '1987-12-11', 183, 74, 0),
(583, 28, 3, 'DF', 'ゴンザレス', 'LAギャラクシー（米国）', '1988-10-11', 196, 93, 0),
(584, 28, 21, 'DF', 'チャンドラー', 'ニュルンベルク（ドイツ）', '1990-03-29', 186, 83, 0),
(585, 28, 6, 'DF', 'ブルックス', 'ヘルタ（ドイツ）', '1993-01-28', 193, 78, 0),
(586, 28, 2, 'DF', 'イエドリン', 'シアトル（米国）', '1993-07-09', 173, 68, 0),
(587, 28, 13, 'MF', 'ジョーンズ', 'ベシクタシュ（トルコ）', '1981-11-03', 184, 81, 0),
(588, 28, 14, 'MF', 'デービス', 'ヒューストン・ダイナモ（米国）', '1981-11-08', 180, 75, 0),
(589, 28, 15, 'MF', 'ベッカーマン', 'レアル・ソルトレーク（米国）', '1982-04-23', 178, 75, 0),
(590, 28, 19, 'MF', 'ズシ', 'スポルティング・カンザスシティ（米国）', '1986-08-18', 178, 73, 0),
(591, 28, 11, 'MF', 'ベドヤ', 'ナント（フランス）', '1987-04-29', 178, 73, 0),
(592, 28, 4, 'MF', 'ブラッドリー', 'トロント（米国）', '1987-07-31', 186, 81, 0),
(593, 28, 10, 'MF', 'ディスケルード', 'ローゼンボリ（ノルウェー）', '1990-10-02', 184, 71, 0),
(594, 28, 16, 'MF', 'グリーン', 'Bミュンヘン（ドイツ）', '1995-06-06', 172, 60, 0),
(595, 28, 18, 'FW', 'ウォンドロウスキ', 'サンノゼ・アースクエイクス（米国）', '1983-01-28', 183, 75, 0),
(596, 28, 8, 'FW', 'デンプシー', 'シアトル・サウンダーズ（米国）', '1983-03-09', 185, 77, 0),
(597, 28, 17, 'FW', 'アルティドア', 'サンダーランド（イングランド）', '1989-11-06', 185, 72, 0),
(598, 28, 9, 'FW', 'ヨハンソン', 'AZ（オランダ）', '1990-11-10', 184, 70, 0),
(599, 27, 16, 'GK', 'ダウダ', 'オーランド（南アフリカ）', '1985-04-06', 180, 80, 0),
(600, 27, 12, 'GK', 'クワラシー', 'ストレームスゴトセト（ノルウェー）', '1987-12-12', 187, 81, 0),
(601, 27, 1, 'GK', 'アダムス', 'アドゥアナ', '1989-09-28', 186, 78, 0),
(602, 27, 23, 'DF', 'アフル', 'エスペランス（チュニジア）', '1986-07-24', 170, 68, 0),
(603, 27, 21, 'DF', 'ボイエ', 'レンヌ（フランス）', '1987-04-23', 185, 72, 0),
(604, 27, 2, 'DF', 'インコーム', 'プラタニアス（ギリシャ）', '1989-06-01', 179, 75, 0),
(605, 27, 19, 'DF', 'メンサ', 'エビアン（フランス）', '1990-07-13', 188, 83, 0),
(606, 27, 4, 'DF', 'オパレ', 'スタンダール（ベルギー）', '1990-10-18', 175, 73, 0),
(607, 27, 15, 'DF', 'スマイラ', 'サンダウンズ（南アフリカ）', '1992-12-18', 196, 80, 0),
(608, 27, 5, 'MF', 'エシエン', 'ACミラン（イタリア）', '1982-12-03', 177, 85, 0),
(609, 27, 11, 'MF', 'ムンタリ', 'ACミラン（イタリア）', '1984-08-27', 179, 76, 0),
(610, 27, 9, 'MF', 'ボアテング', 'シャルケ（ドイツ）', '1987-03-06', 185, 86, 0),
(611, 27, 14, 'MF', 'アドマ', 'ミドルスブラ（イングランド）', '1987-12-13', 185, 74, 0),
(612, 27, 20, 'MF', 'アサモア', 'ユベントス（イタリア）', '1988-12-09', 178, 78, 0),
(613, 27, 10, 'MF', 'A・アユー', 'マルセイユ（フランス）', '1989-12-17', 176, 72, 0),
(614, 27, 17, 'MF', 'モハメド', 'クバン（ロシア）', '1989-12-31', 187, 74, 0),
(615, 27, 22, 'MF', 'ワカソ', 'ルビン（ロシア）', '1990-07-25', 171, 66, 0),
(616, 27, 8, 'MF', 'アグエマングバドゥ', 'ウディネーゼ（イタリア）', '1990-12-02', 172, 71, 0),
(617, 27, 7, 'MF', 'アツ', 'フィテッセ（オランダ）', '1992-01-10', 172, 68, 0),
(618, 27, 6, 'MF', 'アックア', 'パルマ（イタリア）', '1992-05-01', 179, 70, 0),
(619, 27, 3, 'FW', 'ジャン', 'アルアイン（UAE）', '1985-11-22', 180, 80, 0),
(620, 27, 13, 'FW', 'J・アユー', 'ソショー（フランス）', '1991-09-11', 182, 80, 0),
(621, 27, 18, 'FW', 'ワリス', 'バランシエンヌ（フランス）', '1991-09-19', 172, 72, 0),
(622, 29, 13, 'GK', 'ボッシュ', 'ワーレゲム', '1985-08-11', 187, 73, 0),
(623, 29, 12, 'GK', 'ミニョレ', 'リバプール（イングランド）', '1988-03-06', 193, 87, 0),
(624, 29, 1, 'GK', 'クルトワ', 'Aマドリード（スペイン）', '1992-05-11', 199, 91, 0),
(625, 29, 15, 'DF', 'バンビュイテン', 'Bミュンヘン（ドイツ）', '1978-02-07', 197, 95, 0),
(626, 29, 18, 'DF', 'ロンバルツ', 'ゼニト（ロシア）', '1985-03-20', 188, 83, 0),
(627, 29, 23, 'DF', 'シマン', 'スタンダール', '1985-08-05', 184, 70, 0),
(628, 29, 5, 'DF', 'フェルマーレン', 'アーセナル（イングランド）', '1985-11-14', 180, 75, 0),
(629, 29, 4, 'DF', 'コンパニー', 'マンチェスターC（イングランド）', '1986-04-10', 190, 85, 0),
(630, 29, 5, 'DF', 'フェルトンゲン', 'トットナム（イングランド）', '1987-04-24', 189, 86, 0),
(631, 29, 21, 'DF', 'バンデンボレ', 'アンデルレヒト', '1987-10-24', 182, 89, 0),
(632, 29, 2, 'DF', 'アルデルウェイレルト', 'Aマドリード（スペイン）', '1989-03-02', 187, 80, 0),
(633, 29, 19, 'MF', 'デンベレ', 'トットナム（イングランド）', '1987-07-16', 185, 82, 0),
(634, 29, 8, 'MF', 'フェライニ', 'マンチェスターU（イングランド）', '1987-11-22', 194, 85, 0),
(635, 29, 16, 'MF', 'デフール', 'ポルト（ポルトガル）', '1988-04-15', 174, 70, 0),
(636, 29, 6, 'MF', 'ウィツェル', 'ゼニト（ロシア）', '1989-01-12', 186, 73, 0),
(637, 29, 22, 'MF', 'シャドリ', 'トットナム（イングランド）', '1989-09-02', 187, 80, 0),
(638, 29, 7, 'MF', 'デブルイネ', 'ウォルフスブルク（ドイツ）', '1991-06-28', 181, 68, 0),
(639, 29, 14, 'FW', 'メルテンス', 'ナポリ（イタリア）', '1987-05-06', 169, 61, 0),
(640, 29, 11, 'FW', 'ミララス', 'エバートン（イングランド）', '1987-10-05', 179, 68, 0),
(641, 29, 10, 'FW', 'アザール', 'チェルシー（イングランド）', '1991-01-07', 173, 74, 0),
(642, 29, 9, 'FW', 'ルカク', 'エバートン（イングランド）', '1993-05-13', 190, 100, 0),
(643, 29, 20, 'FW', 'ヤヌザイ', 'マンチェスターU（イングランド）', '1995-02-05', 180, 75, 0),
(644, 29, 17, 'FW', 'オリジ', 'リール（フランス）', '1995-03-18', 185, 75, 0),
(645, 31, 16, 'GK', 'ルイジコフ', 'ルビン', '1980-09-19', 194, 92, 0),
(646, 31, 1, 'GK', 'アキンフェーフ', 'CSKAモスクワ', '1986-04-08', 186, 82, 0),
(647, 31, 12, 'GK', 'ロドイギン', 'ゼニト', '1990-05-26', 187, 82, 0),
(648, 31, 4, 'DF', 'イグナシェビッチ', 'CSKAモスクワ', '1979-07-14', 186, 84, 0),
(649, 31, 14, 'DF', 'ベレズツキ', 'CSKAモスクワ', '1982-06-20', 189, 87, 0),
(650, 31, 22, 'DF', 'エシュチェンコ', 'アンジ', '1984-02-09', 176, 77, 0),
(651, 31, 2, 'DF', 'コズロフ', 'ディナモ・モスクワ', '1986-12-25', 186, 78, 0),
(652, 31, 23, 'DF', 'コンバロフ', 'スパルタク・モスクワ', '1987-01-22', 181, 72, 0),
(653, 31, 13, 'DF', 'グラナト', 'ディナモ・モスクワ', '1987-05-22', 184, 80, 0),
(654, 31, 5, 'DF', 'セメノフ', 'テレク', '1989-03-24', 190, 86, 0),
(655, 31, 3, 'DF', 'シェンニコフ', 'CSKAモスクワ', '1991-04-27', 178, 71, 0),
(656, 31, 18, 'MF', 'ジルコフ', 'ディナモ・モスクワ', '1983-08-20', 180, 75, 0),
(657, 31, 7, 'MF', 'デニソフ', 'ディナモ・モスクワ', '1984-05-17', 176, 70, 0),
(658, 31, 19, 'MF', 'サメドフ', 'クラスノダール', '1984-07-19', 177, 75, 0),
(659, 31, 20, 'MF', 'ファイズリン', 'ゼニト', '1986-04-22', 176, 72, 0),
(660, 31, 8, 'MF', 'グルシャコフ', 'スパルタク・モスクワ', '1987-01-27', 182, 80, 0),
(661, 31, 21, 'MF', 'イオノフ', 'ディナモ・モスクワ', '1989-02-18', 177, 69, 0),
(662, 31, 10, 'MF', 'ジャゴエフ', 'CSKAモスクワ', '1990-06-17', 179, 75, 0),
(663, 31, 17, 'MF', 'シャトフ', 'ゼニト', '1990-07-29', 173, 73, 0),
(664, 31, 15, 'MF', 'モギレベツ', 'ルビン', '1993-01-25', 183, 70, 0),
(665, 31, 11, 'FW', 'ケルジャコフ', 'ゼニト', '1982-11-27', 176, 76, 0),
(666, 31, 9, 'FW', 'ココリン', 'ディナモ・モスクワ', '1991-03-19', 183, 77, 0),
(667, 31, 6, 'FW', 'カヌンニコフ', 'アムカル', '1991-07-14', 183, 74, 0),
(668, 30, 1, 'GK', 'シモハメド', 'CSコンスタチヌ', '1985-01-09', 183, 78, 0),
(669, 30, 16, 'GK', 'ゼマムーシュ', 'USMアルジェ', '1985-03-19', 186, 82, 0),
(670, 30, 23, 'GK', 'エムボリ', 'CSKAソフィア（ブルガリア）', '1986-04-25', 190, 83, 0),
(671, 30, 2, 'DF', 'ブゲラ', 'レクウィヤ（カタール）', '1982-10-07', 190, 93, 0),
(672, 30, 22, 'DF', 'モスタファ', 'アジャクシオ（フランス）', '1983-08-30', 181, 82, 0),
(673, 30, 6, 'DF', 'メスバハ', 'リボルノ（イタリア）', '1984-10-09', 181, 74, 0),
(674, 30, 12, 'DF', 'メジャニ', 'バランシエンヌ（フランス）', '1985-05-15', 183, 84, 0),
(675, 30, 5, 'DF', 'ハリシェ', 'コインブラ（ポルトガル）', '1986-09-02', 187, 77, 0),
(676, 30, 17, 'DF', 'カダムロ', 'マジョルカ（スペイン）', '1988-03-05', 188, 81, 0),
(677, 30, 4, 'DF', 'ベルカレム', 'ワトフォード（イングランド）', '1989-01-01', 195, 90, 0),
(678, 30, 3, 'DF', 'グラム', 'ナポリ（イタリア）', '1991-02-01', 186, 80, 0),
(679, 30, 20, 'DF', 'マンディ', 'ランス（フランス）', '1991-10-22', 184, 78, 0),
(680, 30, 8, 'MF', 'ラセン', 'ヘタフェ（スペイン）', '1984-03-15', 176, 70, 0),
(681, 30, 7, 'MF', 'イエブダ', 'ウディネーゼ（イタリア）', '1984-05-14', 187, 77, 0),
(682, 30, 10, 'MF', 'フェグリ', 'バレンシア（スペイン）', '1989-12-26', 178, 71, 0),
(683, 30, 11, 'MF', 'ブラヒミ', 'グラナダ（スペイン）', '1990-02-08', 175, 69, 0),
(684, 30, 19, 'MF', 'タイデル', 'インテルミラノ（イタリア）', '1992-02-29', 180, 73, 0),
(685, 30, 14, 'MF', 'ベンタレブ', 'トットナム（イングランド）', '1994-11-24', 187, 68, 0),
(686, 30, 18, 'MF', 'ジャブ', 'クラブ・アフリカン（チュニジア）', '1987-01-31', 164, 58, 0),
(687, 30, 15, 'FW', 'スダニ', 'ディナモ・ザグレブ（クロアチア）', '1987-11-25', 182, 75, 0),
(688, 30, 13, 'FW', 'スリマニ', 'スポルティング（ポルトガル）', '1988-06-18', 188, 79, 0),
(689, 30, 9, 'FW', 'ギラス', 'ポルト（ポルトガル）', '1990-04-20', 183, 85, 0),
(690, 30, 21, 'FW', 'マレズ', 'レスター（イングランド）', '1991-02-21', 179, 61, 0),
(691, 32, 1, 'GK', 'チョン・ソンニョン', '水原三星', '1985-01-04', 190, 90, 0),
(692, 32, 23, 'GK', 'イ・ボムヨン', '釜山', '1989-04-02', 194, 90, 0),
(693, 32, 21, 'GK', 'キム・スンギュ', '蔚山現代', '1990-09-30', 187, 80, 0),
(694, 32, 4, 'DF', 'カク・テヒ', 'アルヒラル（サウジアラビア）', '1981-07-08', 185, 80, 0),
(695, 32, 2, 'DF', 'キム・チャンス', '柏（日本）', '1985-09-12', 179, 74, 0),
(696, 32, 12, 'DF', 'イ・ヨン', '蔚山現代', '1986-12-24', 180, 74, 0),
(697, 32, 22, 'DF', 'パク・チュホ', 'マインツ（ドイツ）', '1987-01-16', 176, 71, 0),
(698, 32, 6, 'DF', 'ファン・ソッコ', '広島（日本）', '1989-06-27', 183, 80, 0),
(699, 32, 20, 'DF', 'ホン・ジョンホ', 'アウクスブルク（ドイツ）', '1989-08-12', 186, 77, 0),
(700, 32, 3, 'DF', 'ユン・ソギョン', 'クイーンズパーク（イングランド）', '1990-02-13', 183, 74, 0),
(701, 32, 5, 'DF', 'キム・ヨングン', '広州恒大（中国）', '1990-02-27', 187, 74, 0),
(702, 32, 8, 'MF', 'ハ・デソン', '北京国安（中国）', '1985-03-02', 182, 73, 0),
(703, 32, 17, 'MF', 'イ・チョンヨン', 'ボルトン（イングランド）', '1988-07-02', 180, 69, 0),
(704, 32, 16, 'MF', 'キ・ソンヨン', 'サンダーランド（イングランド）', '1989-01-24', 187, 79, 0),
(705, 32, 15, 'MF', 'パク・チョンウ', '広州富力（中国）', '1989-03-10', 180, 74, 0),
(706, 32, 7, 'MF', 'キム・ボギョン', 'カーディフ（ウェールズ）', '1989-10-06', 178, 73, 0),
(707, 32, 14, 'MF', 'ハン・グギョン', '柏（日本）', '1990-04-19', 183, 74, 0),
(708, 32, 19, 'MF', 'チ・ドンウォン', 'アウクスブルク（ドイツ）', '1991-05-28', 187, 77, 0),
(709, 32, 9, 'MF', 'ソン・フンミン', 'レーバークーゼン（ドイツ）', '1992-07-08', 183, 76, 0),
(710, 32, 11, 'FW', 'イ・グノ', '尚州尚武', '1985-04-11', 177, 75, 0),
(711, 32, 10, 'FW', 'パク・チュヨン', 'ワトフォード（中国）', '1985-07-10', 183, 72, 0),
(712, 32, 18, 'FW', 'キム・シンウク', '蔚山現代', '1988-04-14', 196, 93, 0),
(713, 32, 13, 'FW', 'ク・ジャチョル', 'マインツ（ドイツ）', '1989-02-27', 182, 75, 0),
(714, 12, 1, 'GK', '川島', 'スタンダール', '1983-03-20', 185, 80, 0),
(715, 12, 12, 'GK', '西川', '浦和', '1986-06-18', 183, 81, 0),
(716, 12, 23, 'GK', '権田', '東京', '1989-03-03', 187, 85, 0),
(717, 12, 15, 'DF', '今野', 'G大阪', '1983-01-25', 178, 73, 0),
(718, 12, 19, 'DF', '伊野波', '磐田', '1985-08-28', 179, 73, 0),
(719, 12, 5, 'DF', '長友', 'インテルミラノ', '1986-09-12', 170, 68, 0),
(720, 12, 6, 'DF', '森重', '東京', '1987-05-21', 183, 74, 0),
(721, 12, 2, 'DF', '内田', 'シャルケ', '1988-03-27', 176, 67, 0),
(722, 12, 22, 'DF', '吉田', 'サウサンプトン', '1988-08-24', 189, 81, 0),
(723, 12, 21, 'DF', '酒井', 'ハノーバー', '1990-04-12', 184, 70, 0),
(724, 12, 3, 'DF', '酒井', 'シュツットガルト', '1991-03-14', 176, 74, 0),
(725, 12, 7, 'MF', '遠藤', 'G大阪', '1980-01-28', 178, 75, 0),
(726, 12, 17, 'MF', '長谷部', 'ニュルンベルク', '1984-01-18', 180, 72, 0),
(727, 12, 14, 'MF', '青山', '広島', '1986-02-22', 174, 73, 0),
(728, 12, 16, 'MF', '山口', 'C大阪', '1990-10-06', 173, 72, 0),
(729, 12, 13, 'FW', '大久保', '川崎F', '1982-06-09', 170, 73, 0),
(730, 12, 9, 'FW', '岡崎', 'マインツ', '1986-04-16', 174, 76, 0),
(731, 12, 4, 'FW', '本田', 'ACミラン', '1986-06-13', 182, 74, 0),
(732, 12, 10, 'FW', '香川', 'マンチェスターU', '1989-03-17', 172, 63, 0),
(733, 12, 8, 'FW', '清武', 'ニュルンベルク', '1989-11-12', 172, 66, 0),
(734, 12, 11, 'FW', '柿谷', 'C大阪', '1990-01-03', 177, 68, 0),
(735, 12, 20, 'FW', '斉藤', '横浜', '1990-05-18', 182, 73, 0),
(736, 12, 18, 'FW', '大迫', '1860ミュンヘン', '1990-05-18', 182, 73, 0);

-- --------------------------------------------------------

--
-- Table structure for table `players_tmp`
--

CREATE TABLE `players_tmp` (
  `country` varchar(50) DEFAULT NULL,
  `uniform_num` int(11) DEFAULT NULL,
  `position` varchar(2) DEFAULT NULL,
  `name` varchar(50) DEFAULT NULL,
  `club` varchar(50) DEFAULT NULL,
  `birth` date DEFAULT NULL,
  `height` int(11) DEFAULT NULL,
  `weight` int(11) DEFAULT NULL
) ENGINE=InnoDB DEFAULT CHARSET=utf8;

-- --------------------------------------------------------

--
-- Table structure for table `users`
--

CREATE TABLE `users` (
  `id` int(11) NOT NULL COMMENT 'システムID',
  `country_id` int(11) DEFAULT '0' COMMENT '国ID',
  `email` varchar(100) NOT NULL COMMENT 'メールアドレス',
  `password` varchar(100) NOT NULL COMMENT 'パスワード',
  `role` int(11) DEFAULT '0' COMMENT '送信日時'
) ENGINE=InnoDB DEFAULT CHARSET=utf8;

--
-- Dumping data for table `users`
--

INSERT INTO `users` (`id`, `country_id`, `email`, `password`, `role`) VALUES
(1, 0, 'hello@gmail.com', '81dc9bdb52d04dc20036dbd8313ed055', 1);

--
-- Indexes for dumped tables
--

--
-- Indexes for table `countries`
--
ALTER TABLE `countries`
  ADD PRIMARY KEY (`id`);

--
-- Indexes for table `goals`
--
ALTER TABLE `goals`
  ADD PRIMARY KEY (`id`);

--
-- Indexes for table `pairings`
--
ALTER TABLE `pairings`
  ADD PRIMARY KEY (`id`);

--
-- Indexes for table `players`
--
ALTER TABLE `players`
  ADD PRIMARY KEY (`id`);

--
-- Indexes for table `users`
--
ALTER TABLE `users`
  ADD PRIMARY KEY (`id`);

--
-- AUTO_INCREMENT for dumped tables
--

--
-- AUTO_INCREMENT for table `countries`
--
ALTER TABLE `countries`
  MODIFY `id` int(11) NOT NULL AUTO_INCREMENT, AUTO_INCREMENT=33;

--
-- AUTO_INCREMENT for table `goals`
--
ALTER TABLE `goals`
  MODIFY `id` int(11) NOT NULL AUTO_INCREMENT, AUTO_INCREMENT=189;

--
-- AUTO_INCREMENT for table `pairings`
--
ALTER TABLE `pairings`
  MODIFY `id` int(11) NOT NULL AUTO_INCREMENT, AUTO_INCREMENT=145;

--
-- AUTO_INCREMENT for table `players`
--
ALTER TABLE `players`
  MODIFY `id` int(11) NOT NULL AUTO_INCREMENT, AUTO_INCREMENT=737;

--
-- AUTO_INCREMENT for table `users`
--
ALTER TABLE `users`
  MODIFY `id` int(11) NOT NULL AUTO_INCREMENT COMMENT 'システムID', AUTO_INCREMENT=2;

/*!40101 SET CHARACTER_SET_CLIENT=@OLD_CHARACTER_SET_CLIENT */;
/*!40101 SET CHARACTER_SET_RESULTS=@OLD_CHARACTER_SET_RESULTS */;
/*!40101 SET COLLATION_CONNECTION=@OLD_COLLATION_CONNECTION */;
